d,reversal,ridge,xgb,shuffle
2020-01-02,0.003713440585913643,0.0024028866298530446,0.0014647323611283684,-0.0011714007693542673
2020-01-03,-0.003936940604889969,-0.0019280296543471827,0.0031315586852807597,-0.0006382982503398567
2020-01-06,0.0013373668867741227,0.0017770698551466907,0.00019914399432888378,7.156417651992932e-05
2020-01-07,0.00012326051562664884,-0.00028075124567890445,0.00037939143554779464,0.00045102232492974086
2020-01-08,-0.0005356716411358035,-0.0014932656922882464,-0.001781308556672972,-0.0005138465190771494
2020-01-09,-0.00034406046429634257,-0.000282450590820505,0.001031263072338089,5.278635720361848e-05
2020-01-10,-5.478064597034739e-05,0.0016399461277725315,0.0014877716028070269,-0.001142940521075847
2020-01-13,0.0013976918406209333,0.002169931302162503,0.004171356290904806,0.00047568914791997657
2020-01-14,-0.00017126322657047246,-0.0018457102680913416,-0.00282750971926082,-0.0004265752035479436
2020-01-15,0.0007075176433927355,0.001837126088254867,0.00020711817605153926,0.00043873005927872247
2020-01-16,-0.00021566421039500162,-0.002171875401792717,-0.0018850024786534606,0.0002482155715301197
2020-01-17,-0.0007203343981684447,-0.002935839165548441,-0.002523824065509982,0.00046935743972844165
2020-01-21,-0.002695587369787859,-0.0022990478364665144,-0.0015136413794245708,-0.0008197849538473691
2020-01-22,0.0012096875372321402,8.323169958574727e-05,9.13622161393606e-06,6.468823558653887e-05
2020-01-23,-0.0034716088588147074,-0.005298788672502868,-0.0041995727383997705,0.000727698339097518
2020-01-24,-0.006503726871495633,-0.006358695815572922,-0.001467723249051818,-0.00017323583624633096
2020-01-27,0.003139667254831286,0.002375109860348245,0.0029906564514026145,-0.001069458098088032
2020-01-28,-0.0007195077643281483,-0.002011596588945769,-0.0036700514411937097,0.0014834650657569847
2020-01-29,0.0011826546820098184,-0.001047535299165359,0.0028284613146057312,-0.0008098548891681991
2020-01-30,-0.0014711827913480634,-0.0036843025902415366,0.0023829868223711383,0.0001379829042954649
2020-01-31,0.00017924124682437898,-0.0012539680401511065,-0.00046467166683368115,-0.0003905248220516015
2020-02-03,-0.0036657034657499813,0.005141701866024347,0.0008319989158490457,-0.00010372971440226136
2020-02-04,0.0012018407093592881,0.010023399379496761,0.007589159831995282,0.0010773493201144285
2020-02-05,0.003650879226572887,-0.0014313161295364159,-0.0032962138379916415,-0.0004233986818555842
2020-02-06,-0.0012703253226583212,-0.004840175946560865,-0.004604185874121617,-0.0006371745120868942
2020-02-07,-0.0018820761421024469,-0.0024621691982414508,0.002526308933503602,0.0001123316789477402
2020-02-10,0.00020038875084162064,0.004548947955731809,0.0030462365135671137,0.00031598466456106883
2020-02-11,-0.003976971892747787,0.0016655833597533536,-0.0004243391380167837,0.001259648833201026
2020-02-12,0.003828052102857256,-0.0018233548010788759,-0.0018726055808660513,-0.000490256687794236
2020-02-13,-0.0033890937617107684,-0.003991032638088736,-0.0031011762507394667,-0.001214341949993259
2020-02-14,-0.001654597413447037,-0.0016370659539450927,-0.0017707537789124993,0.00042786226783337976
2020-02-18,0.0013656295326145544,0.004057534196598781,0.004456738359674997,-0.0007161239522913107
2020-02-19,0.004489496831725535,0.004230904779475687,0.004297050743635342,0.0011922937685784297
2020-02-20,-0.003807051004993691,-0.004240306830193434,0.0005526851212006675,-0.00046688547124991035
2020-02-21,-0.009438378462246945,-0.009819473067576473,-0.006121073467067633,0.00105473779410967
2020-02-24,-0.00803516389027351,-0.00802045299790675,-0.00530017233586429,0.00027975259395060493
2020-02-25,-0.007608272017274281,-0.00774907710614483,-0.006087697338713618,-6.750436560446289e-05
2020-02-26,0.0014409737636170916,0.002908382704861612,0.000178878044055228,-0.0003360907551969826
2020-02-27,0.0010849305210252369,0.011647033076085644,0.015322256993658327,-0.0027289681245722007
2020-02-28,0.009891688028709463,0.0016560817080870877,-0.003905588096915651,-0.00042578273156411076
2020-03-02,-0.001978591198436511,-0.007372190537559562,0.004350836875345774,-0.00019347110815141205
2020-03-03,-0.00529824621643373,-0.006890114212620226,0.00537175247981688,-0.0003702697339109739
2020-03-04,-0.009419020985310065,-0.014647618492372857,-0.011864555601988958,-0.0031453461976514966
2020-03-05,-0.004789639399130782,-0.006947519222385722,0.00836314308522469,-0.00035844758326616233
2020-03-06,-0.03227834101748052,-0.03961528218367286,-0.024613037979037543,0.004596699450001867
2020-03-09,0.013876515005249352,0.017281807207052306,0.015161763590087519,-0.0018972925099262873
2020-03-10,0.005002498625501306,-0.010886161758487568,-0.00851121985341093,0.0002827934137988329
2020-03-11,-0.017704121788485388,-0.020544953001710352,0.026460593805804986,-0.000599563543588114
2020-03-12,0.01469370232409544,0.01617400776963931,0.018736567411459768,0.001340656060215154
2020-03-13,0.0018054846914959414,-0.025630891064978963,-0.01252123955976404,0.0018015882759720623
2020-03-16,-0.01249444318014733,-0.028152666845018198,0.01787052577134679,0.0011955861898239296
2020-03-17,-0.032450312169601384,-0.03840131785139477,-0.0021720705010507247,0.005331386356510071
2020-03-18,0.04086194254577783,0.05596131618628666,-0.03596541929188006,0.004290635911497784
2020-03-19,-0.018704114955108386,0.014828886846183711,0.02663635328403864,-0.001362285784799504
2020-03-20,-0.007136189784576859,-0.004062899031427265,-0.011698100443804366,-0.0004809688012031527
2020-03-23,0.008114566868911422,0.03397916731986756,0.036403308695210905,-0.0029884840236562107
2020-03-24,-0.016703898570331253,0.02779243610541892,0.04184742440151296,-0.0015179660882923207
2020-03-25,0.006506918161375292,0.006768723683250055,-0.009575526099359402,-0.0030643432680767797
2020-03-26,-0.0049031813892990855,-0.014031549319596538,-0.01807056239011687,-0.0007976031020933785
2020-03-27,-0.005409279259155968,-0.013919830191306187,0.020765662728966634,0.001712019952522869
2020-03-30,0.0016973120106417766,0.0029972526448840474,0.004033663058869416,-0.002041651116936738
2020-03-31,-0.0036772093359697146,-0.017883721854941866,0.0004470693040325271,0.0014044477266145503
2020-04-01,-0.00859767174019884,-0.011169007869430175,-0.0024649494859976715,-0.0009503675174213927
2020-04-02,-0.004353797551439232,-0.003981448449765268,-0.008336535831681887,0.00010745201984967976
2020-04-03,0.012875774438859474,0.025751777150597756,-0.030811085733413558,-0.0005108717188431395
2020-04-06,-0.008050994590377428,0.012229865777633101,0.013063395613182519,0.0002368216560897837
2020-04-07,-0.008173142394023754,0.013486996080581614,0.00452283391340438,0.0003525189719648053
2020-04-08,-0.0077914773399587476,0.008642948747681924,0.015362090779615152,0.003593581094495807
2020-04-09,0.012768474553602142,-0.0013347843309128725,0.011883827435224757,0.001012353025810859
2020-04-13,-0.004551198671977197,-0.0054831024608113284,0.002647184878250823,0.00214897680440808
2020-04-14,-0.011112329463014829,-0.018180797546146647,-0.016585035367787573,0.0013201852793026396
2020-04-15,-0.015911856859724568,-0.02159291521649883,0.023686205956077202,-0.0009250469664030931
2020-04-16,0.02187083543327569,0.024945267266495694,0.02581842738546317,0.0021947362911522448
2020-04-17,0.005906711566302384,-0.006116680511588419,-0.001645166953137963,-0.00043609865192719566
2020-04-20,0.0014654615962957623,0.0012793128320082083,0.0022769933935208046,0.0006066101670896612
2020-04-21,0.0051580166654067155,0.0018573558480133694,0.0006377078259753143,-0.0004642030580501546
2020-04-22,0.0014934058816766303,0.009664895292313009,0.01689987979609912,-0.00015369897101278308
2020-04-23,0.001975736338292068,-0.001472764061989791,-0.005290758176242491,0.0001367021792990566
2020-04-24,-0.0017108609520253828,0.009165087612714848,-0.0015758401604482936,-0.0005457411020171462
2020-04-27,-0.012430748738922593,0.018617552827876086,0.018856889154704355,-0.002577543391051179
2020-04-28,-0.013912625369867227,0.018140761308973363,0.012562839689093386,-0.0016602898280915377
2020-04-29,0.008713569516688377,-0.004918377008104375,-0.007960178767842382,-2.080624629597077e-05
2020-04-30,-0.006466151738660619,-0.010683816162592443,0.014956740619163897,-0.0001644693875347136
2020-05-01,-0.0004697413492475943,-0.004374792259456093,-0.0017807418063328227,0.00017612026708027612
2020-05-04,-0.000861301399627377,-0.0071594347953602,-0.006998667719816806,0.0027292021592691105
2020-05-05,-0.00596048351509512,-0.010447549603681468,-0.007684729913565438,0.00039616773233453584
2020-05-06,0.003760673119275533,0.007049178956258506,0.004148375056255543,0.001537415139336994
2020-05-07,-0.002497954156555534,0.009735072331433248,-0.009266513865148127,0.0011513617995843309
2020-05-08,0.01091077337705249,-0.005073543943358942,-0.015297661107915583,-0.00041791553695989954
2020-05-11,-0.0067874023904986765,-0.006390313607511198,-0.005754093682509687,-0.0010680519311596472
2020-05-12,-0.008819862129201196,-0.013448929462000063,-0.007404324516669392,0.0004223982241891922
2020-05-13,0.00873226419821787,0.009445925895876848,0.009456453395781158,0.000639687192705467
2020-05-14,0.004160481662877209,-0.003011794175371646,-0.0006704049655178733,0.0019106411081815438
2020-05-15,0.007760504503196035,0.018410675422178294,-0.033524942837060805,-0.0038618937801647383
2020-05-18,0.005414084872962514,-0.0025959270547756216,-0.004869280667768172,0.0005618042382695304
2020-05-19,0.0011890361077388548,0.004715355176508809,0.0019485189087467196,-0.0009515084698211711
2020-05-20,0.0024281183601570244,0.00721871670577425,0.0013756834158023571,0.000980335533809969
2020-05-21,0.0007983327673772539,-0.0025747897038699992,-0.00015970053172833278,0.0012082087440882777
2020-05-22,0.012795321064299169,0.021822983454403116,0.021152364934260447,0.001170540745852055
2020-05-26,-0.01292556635168271,0.008005474630747494,0.0050009837365541125,-0.0007426042676274191
2020-05-27,0.013853279437316795,0.004922830290666024,-0.0011538418778954747,0.0011407387413731329
2020-05-28,-0.008951647801726968,-0.009540939738104048,-0.0023846095139951405,-0.0002061548684828356
2020-05-29,0.009386665439262138,0.011089700133852728,-0.00504432267338044,7.525220857713097e-05
2020-06-01,-0.0013553087644957687,0.0026901418417821215,0.002734253563311803,-0.0001691536039062557
2020-06-02,-0.008272151665757012,-0.0015236331989591778,0.0048569805815482725,0.00029622727331881087
2020-06-03,-0.012887619426899064,0.0033236808975339533,0.01157663937217945,-0.0006697725891242083
2020-06-04,-0.009787437495820811,0.004607557401445063,0.01317722690630337,0.0010838266528865935
2020-06-05,-0.00750060081122914,0.009690369351217547,0.023469965195096202,-0.000847827892536957
2020-06-08,0.012832485179579823,0.0013337461321972584,0.005280029045107009,0.0010718032213680893
2020-06-09,-0.017380539426833215,-0.017775843177726576,-0.002916497560612027,0.0009329001542739123
2020-06-10,-0.015796707702514942,-0.016346805548002,-0.015045537327797731,0.0004904802299942129
2020-06-11,0.01786227071296163,0.016847193599290912,-0.007954227306387533,0.0019079632419174764
2020-06-12,-0.00016435973605704438,0.00113452806553296,0.0004981886935879332,-0.00031251209785638785
2020-06-15,0.0025474303708872036,-0.0006104089517954196,0.001361992340775198,0.0006110276990672723
2020-06-16,0.006672406142219729,-0.0024014215697182708,-0.012352678549689258,6.187033190533617e-05
2020-06-17,0.0013213796910371744,0.0005472369385230691,0.0011179438145239881,0.0002912823462283071
2020-06-18,0.0009418033856192139,-0.0032623874546684507,-0.006096194278106022,-0.0009315454303836964
2020-06-19,0.00376591162959903,-0.00020582331948644714,-0.0008847286814523988,-0.0002810237376911708
2020-06-22,0.0022747901448842874,0.0007932079997583401,-0.001452924758123336,0.000278596217408557
2020-06-23,0.0053667248929552104,-0.0012505566716539955,-0.002884559666242761,-6.436844665945675e-05
2020-06-24,0.00475091255716939,0.0009202384340859156,0.002176281026116611,0.0009611773601012879
2020-06-25,0.004629603256350323,-0.0007545210321708002,-0.00657052747461721,-0.0006937686585212356
2020-06-26,0.006556326904566462,0.009740840617084913,-0.004459768009694308,0.001103544729477292
2020-06-29,0.005310634672640792,0.0006432393370109944,0.00023931635575021254,0.000537486476276468
2020-06-30,0.004920256681118046,0.00096253067300247,0.00232600122437997,0.00017330897544372045
2020-07-01,0.0028061461472841183,0.0003001301907273406,0.0005920814156454177,-0.00021942536771757677
2020-07-02,-0.0033092003586829032,0.000377434183014918,0.0003603455104604441,-0.0008606312783887808
2020-07-06,0.0022579645361945283,-0.004475073523202195,-0.006099084371364338,0.0015446341470258579
2020-07-07,-0.0009151046153430566,-0.002770817038409858,-0.0017952389857084127,1.7713931144014766e-05
2020-07-08,-0.0015228765410084458,-0.012362665086610472,-0.014019452317145185,-0.0008341217283516073
2020-07-09,0.015147297751172746,0.014505961639614484,-0.013803257070305368,-0.0008194232210568909
2020-07-10,-0.007316756053892535,0.0016513706260156207,0.00374123302305848,0.00031409489785494654
2020-07-13,0.0009272799631787642,-0.0020145653003860588,-0.001052921719981655,0.0010407915932703655
2020-07-14,0.004574673046709886,0.012013967113826718,0.015238116885322475,-0.002157084630030346
2020-07-15,0.0031418361154496193,-0.0027033509804255495,-0.004085396438290052,4.873311434343867e-05
2020-07-16,7.73437217635923e-06,-0.005636005216313209,0.0007068430668255323,0.0011275034428254202
2020-07-17,-0.003878302702395137,-0.007932494079509524,-0.003685222740475943,0.0019585097254359255
2020-07-20,0.009382663511705235,0.012456088722107319,0.0012966449956035503,-0.00038418323498653215
2020-07-21,0.0010976101709316121,-0.00037579593585205904,-0.0036018532474265137,-0.00041539702782400847
2020-07-22,0.00018919150351420273,-0.00039517746746641,0.00019706808040270834,0.0007752407581541787
2020-07-23,-5.879804785707769e-05,-0.0016412829106554998,-0.00046411812768562517,0.0005010924816721715
2020-07-24,0.0017734476039255828,-0.0046159105449880816,-0.005423042998243402,0.0007730013265427131
2020-07-27,0.00903052981811994,0.007387280851186142,0.0054824037989871415,0.00019048207725178552
2020-07-28,0.0035591004419353745,0.0033413517478368304,-0.0004959859969489323,0.0008012342951614893
2020-07-29,0.001594873199100287,-0.002067327268825242,-5.5997128977448844e-05,-2.79525051651277e-05
2020-07-30,-0.004690727333127499,-0.004778183990381087,0.004502069571071849,-0.00035432694480693144
2020-07-31,0.0014187971256195203,-0.0005815193632032617,0.0015017058645926198,4.4220502635420536e-05
2020-08-03,0.0010589147694424982,0.004196736466508083,0.004205423511360057,-0.0009527819227115375
2020-08-04,0.0022578257471495664,0.00140198352280689,-0.0007824402675401124,0.001960718819561934
2020-08-05,0.0019789414388890663,0.0010354476941767863,0.001049270081799266,0.001170638655441559
2020-08-06,0.0024720314890978455,0.0015900531607320103,-6.873810259529575e-05,-0.000656052554352773
2020-08-07,-0.007558551634377642,0.006973553963158919,0.00450259683463556,2.577789332153606e-05
2020-08-10,-0.00702016663483223,-0.00028728981006835255,0.00048569660990578314,-0.0004169715902151752
2020-08-11,0.007857089900144781,0.0007852871410714809,-0.0075697646605768385,-0.0005639561601370787
2020-08-12,-0.0027250528459410632,-0.0035509348047513952,-0.0008982968448129088,0.00040404374421837164
2020-08-13,0.0034334500461428836,0.00465464020833759,0.00280970112032218,0.0003228129770870588
2020-08-14,0.003723908410209228,-0.0018055315790925324,0.004992260288609613,0.0002551353010881668
2020-08-17,-0.0033518885063660783,-0.002191887724314822,-0.0015938929369097553,0.0019128217840431233
2020-08-18,-0.00019626803730938552,0.00029161803681232017,0.00020171783408456004,-0.0003775656768271312
2020-08-19,0.002397522998012663,-0.0013502976446438763,0.0029193338139737878,0.0009482067868603918
2020-08-20,-0.0019814042828458093,-0.0038135486274122428,-0.0036946828907275693,-0.0008695115294728228
2020-08-21,0.0035127390224582258,0.006059718236915479,0.002318685040147976,-7.468749404360808e-05
2020-08-24,0.0033868154059044607,0.0017344657624232152,0.00044408325395704936,-3.8485105624487416e-05
2020-08-25,-0.0037306773078551033,-0.0037673577555261037,-0.004208071526133468,-0.0011208877339013035
2020-08-26,0.009307992002289833,0.006615082030521881,0.003365848006200802,-0.0003927294883909022
2020-08-27,-0.002395089259831014,0.0022958615652793695,0.0018263898603503056,0.0003099170343416929
2020-08-28,0.005987776825806876,0.002287924280197845,-0.0026362219390252566,0.00029998308455941874
2020-08-31,0.0032514191579995602,-0.004097748821178781,-0.0023790112839085294,0.0010570529912863622
2020-09-01,0.0023182269084229346,0.002155357253760034,0.00026499312419367893,0.00126394625594091
2020-09-02,0.0007117512505078094,0.007254390488887572,0.002902458705201053,0.002304874355203227
2020-09-03,-0.008627082311967944,-0.0038162261971914093,0.004043176760822227,0.0010993421314037391
2020-09-04,-0.0005180914149851217,-0.005963647673954234,-0.0015391597000936755,-0.0006424590704482589
2020-09-08,0.0008591767258600852,-0.00141085050691395,0.0075408909989928665,0.00019989595505244136
2020-09-09,0.00022579682345400296,-0.003146132869707375,-0.002277756207317105,-0.0004419711971975111
2020-09-10,-0.0012180069622788104,-0.0009803832508930171,0.0018423002810118846,-0.0008272746766272509
2020-09-11,0.0016270100890361098,0.002785865425986826,0.004682890497731911,0.00017167925593008503
2020-09-14,-0.00201552302808978,-0.000332247970725072,-0.0004979683955938874,0.0008205069452775324
2020-09-15,0.007573827329171784,0.007685615332693892,-0.0015740447614311713,-0.00037520313516823295
2020-09-16,-0.0013721230010865359,0.0006756357849627271,0.0007510342076854458,0.001377715129928646
2020-09-17,-0.003143084763576519,5.743139574880314e-05,0.003119076188574951,0.0005479666205717966
2020-09-18,-0.005524074884749299,0.002019469883126334,0.010512652813484782,-0.0006800300058275462
2020-09-21,-0.003564789769290966,-0.00223742221004541,-0.0006770970897877188,0.0009754055126245283
2020-09-22,-0.0012538918451336645,-0.0029663802433596287,-0.0016984933082740481,-0.00018506900899645029
2020-09-23,0.0024081911061066582,0.002564928527699391,-0.0016531486764958438,-0.00011443317718383669
2020-09-24,0.0032685620732554824,0.002156270328407774,0.0007011789990176386,0.0008720596089923927
2020-09-25,0.0018896086269369443,0.0040284092443174,0.005139555868462653,0.0002805726361560573
2020-09-28,0.002476950738400065,-0.0017636314410716374,-0.0006113967529952858,0.000491950518042562
2020-09-29,0.0009967179183681917,0.0008430378755112632,-0.0010891015912734379,-0.001292564320604453
2020-09-30,-0.0012875058053692064,-0.0013322068643694892,-0.0007374674290693377,0.0004477176540863955
2020-10-01,0.006336653732994195,0.007284455175430615,0.00898156437439442,0.00031356734544854895
2020-10-02,-0.0010905693237904502,0.003383701660673413,-0.00048131868112004985,-0.0006005311056280115
2020-10-05,0.0019691601920567778,-0.0007612216526025642,-0.0033161420618211296,-0.00034618863489019867
2020-10-06,0.0014746981228864334,0.0006108765361156008,-0.0011116810418178233,-0.00019462714250065782
2020-10-07,0.001271379005965934,0.006579243132051926,0.005433057460339171,0.0009556643993193767
2020-10-08,0.0054495673648705684,-0.002506792921168529,-0.0028013918229070865,0.00043536521904811944
2020-10-09,-0.0016220951366551833,-0.0015080524018157566,0.0009193060003861124,0.00023058353685870004
2020-10-12,-0.0016463126406090914,-0.004542331562186427,-0.0025033398411214596,-0.0006675568804589512
2020-10-13,0.0007818938957889783,0.0015030322357460376,-0.001519576603729946,0.0007872530245012565
2020-10-14,-0.0016203468967364786,2.8321387551012538e-05,-0.0011881118679491123,9.84801187102705e-05
2020-10-15,0.0018577667507137057,-0.003313403076371266,-0.00018227043521546428,0.0006778131067744782
2020-10-16,-0.0014672433646661194,-0.0010967155395877801,-0.0014566200662551963,-0.0005273280682652219
2020-10-19,-2.8986587361641085e-05,0.0033791134609108806,0.00348390485157769,-0.001092374329835898
2020-10-20,-0.0016620604559443137,-0.00149449147131932,-0.002721278638944407,0.001268399217913362
2020-10-21,0.0023363867350387206,0.00595889325973505,0.008328117428231797,0.0003822777466421166
2020-10-22,0.001895314160359906,0.0019252850206646834,0.001736503655344401,-0.0010556236423322949
2020-10-23,0.0020333272248676893,-0.00298417900556142,5.295452932906722e-05,0.0005703960582484627
2020-10-26,-0.005597488324033744,-0.006793820982106932,-0.0014424927524144236,0.00036012305617375066
2020-10-27,-0.0002628824988173803,-0.002847401487767143,-0.0017524334060989302,-0.000746367965133855
2020-10-28,0.002868362772627346,0.0040065128484134,0.0034432847970233367,0.0010762523940173083
2020-10-29,-0.002044477298892959,0.0016110867461947417,0.004378543747076534,-0.0025215917757868867
2020-10-30,-0.00565466641784688,-0.0038006502880920195,0.003047009675801334,-0.00040459327800280396
2020-11-02,-0.002344709549665282,-7.582028753560328e-05,-0.0002660657101354966,0.00033481090833378764
2020-11-03,0.0046894857200738705,0.010552292895647753,0.01364470967607436,-0.001531877171462662
2020-11-04,0.006404636776078972,0.0015061021524660873,-0.004690063878275642,0.0011812120188728745
2020-11-05,-0.0018660379783108849,-0.006802651000511655,-0.002249018119708268,0.0027035328631999003
2020-11-06,0.03726446881286607,0.041134064794500075,0.03578254492675608,0.0056143767287481034
2020-11-09,-0.005381140686899424,0.0030120953294687407,0.006735423364392285,0.0017849474744559164
2020-11-10,0.008965664458322274,0.010574394326437003,0.014698089294201652,0.00024106751363447306
2020-11-11,-0.0031700155703660586,-0.004804450005989516,0.0019067922929714943,0.00045860886439985155
2020-11-12,0.006924071766902247,0.009600980385046105,-0.006269682152099113,-0.0006256687005544237
2020-11-13,-0.012000816630019522,-0.0002977090046342945,-0.010777039966953703,6.149028948899236e-05
2020-11-16,-0.0016137072084171824,0.0034436066514566144,-2.8610578788302986e-05,-0.00024633064920325795
2020-11-17,-0.0008868572169880487,0.00037081943414537643,0.0005207985783353783,-0.0001687307865235996
2020-11-18,-0.0015058115523661599,3.965575877279537e-05,0.0009456842545434086,-0.00010542762090019314
2020-11-19,-0.0005159029456257252,0.0005655532174309351,-6.352347097483993e-05,-0.00027675733502936
2020-11-20,0.0027142222702458297,0.0025544503952267344,0.0005540569597099233,-0.0006203802781428084
2020-11-23,-0.014127356131885004,-0.0042266076743443645,-0.0009622646522201998,-0.0014565647345598893
2020-11-24,0.006581409153545225,0.006488621431344651,0.0065323534670390405,0.0004695802628391646
2020-11-25,-0.003789422810514468,-0.0010323072444824268,-0.001842148018034694,0.0004643291662968584
2020-11-27,-0.006568761771406688,-0.008496634391221036,-0.007164239130977748,-0.00016329577158845395
2020-11-30,0.002316799695846685,0.0013535342628976663,-0.00010489237741536511,-0.0009787487677806728
2020-12-01,-0.0032233636176390978,-0.0015211958770808413,-0.0009119091812069323,-0.0004101332937130661
2020-12-02,-0.002679938737943461,0.0004408104117292205,-0.0013904458572017936,0.0016048974924136334
2020-12-03,-0.005043587389005561,-0.00476505837568572,0.004851095797457418,-0.00023886280548082937
2020-12-04,0.00580351580776601,0.002462708521268151,-0.0008015414589428614,0.00028243627111876275
2020-12-07,0.0012200844478476606,-0.0011526417389796778,-0.0024461360550959814,9.06916187422417e-05
2020-12-08,0.0011645660391236266,0.002881126290087028,0.0018394715929527991,-0.0020266887582551774
2020-12-09,0.0018583739245373457,0.0024169237374673967,0.007708706373098761,-0.0010221994938048352
2020-12-10,0.0030664962902267026,0.002066905885704955,-0.0009388970638308922,0.0002498199507470189
2020-12-11,-0.003112791052606273,-0.0015694180189913236,-0.0010250877361849978,-0.0006754948100033703
2020-12-14,0.0029424755738926556,0.003776327818530129,-0.0025998957984206066,-0.0010433131233626254
2020-12-15,0.0006391915120170684,-0.00021787643580055765,0.0006388018974368114,-0.00010332551648481903
2020-12-16,-0.0014795804680233383,0.0017359624952706773,-0.0015907280245974764,-7.950689685065756e-05
2020-12-17,-0.0039757367413546605,-0.0035770311986928773,-0.0009109321484267296,-0.001278516986374149
2020-12-18,0.0018403942435112931,0.0002379876647495053,0.0012433186634598556,-0.0007655056940178419
2020-12-21,-0.0018677555143995993,-0.0005277481453268326,-0.001876531088380943,0.0014003357054568452
2020-12-22,0.007931960033280564,0.006289019466833538,0.006451188037949464,0.00021072958140144012
2020-12-23,0.00423565586631186,0.0014006166331856618,0.0023452554706251028,6.492894381346117e-05
2020-12-24,-0.00036691045155000927,-0.001807690775160251,-0.0027194035220408615,-2.424957366111705e-05
2020-12-28,0.0004874152445622546,-0.0004051602449202751,0.0023520783304938884,0.0002693332671098553
2020-12-29,0.0034175805429198353,0.0033249293769502374,0.0036975584167893666,8.507930214067885e-05
2020-12-30,0.0019633272042662454,-0.00022582701212906948,0.0024271870840556907,-0.0007153716427875116
2020-12-31,0.004091397642433223,0.0035289828407350237,-5.262061337621257e-05,-0.00012046922585557396
2021-01-04,-0.003736715276151255,-0.0005945735258568206,0.0003265681197125454,-0.0006007609659348447
2021-01-05,-0.005996811382204812,-0.005319661715522577,-0.0003440952005940619,0.0028862008059217046
2021-01-06,0.002021978600836448,-0.0034048700654630585,0.006157912815904892,0.0010764786316412455
2021-01-07,-0.00017835338696868812,0.0009366589455901891,0.0016509784503340183,0.0014552853374313098
2021-01-08,0.0035602783932171043,-0.0010301614533952802,0.004544120906053308,-0.0010907364409749175
2021-01-11,-0.007577862821477636,0.0024482798580450662,0.0017966359438865496,0.0018597415692290019
2021-01-12,0.003479558988525147,0.0038876422027357867,0.0005442158256540611,0.0011286687337900153
2021-01-13,-0.0013603830328377435,0.0006450064074667302,-0.002747624138495607,0.0025747810363170097
2021-01-14,0.006715845709916827,0.004847023911025531,0.003218522468003613,-0.0006156730652047166
2021-01-15,0.004517690167457767,0.002385619699507537,0.0030278125890250206,0.0007971843654094306
2021-01-19,0.0009653433013592133,0.002623170461467519,0.0009959195105275758,-0.0011141201068884338
2021-01-20,-0.0023475221684103767,-0.000390715542182995,-0.00390184986220246,-0.0010028618703457456
2021-01-21,0.00020411041118419186,-0.0002765678485765689,-0.0004710946005880535,-0.0004483060699673993
2021-01-22,-0.0034872670864359496,-0.003158761409661009,-0.0017332829083528524,0.00071353769566484
2021-01-25,-0.007306653367549502,-0.0052197188614332,-0.008950320533715294,0.001106078486022956
2021-01-26,-0.01011533604320522,-0.0078114967726807235,-0.013973945925572172,0.0032041150410599363
2021-01-27,0.017280074431891435,0.019409698691605613,0.009229586199361145,0.002044715296252423
2021-01-28,0.001254495393248871,-0.0027227215621954,0.0026084999037384584,-0.00032389521554850926
2021-01-29,0.0014739570999064303,0.005780726783493111,0.0032986859736051236,0.00017922417588547707
2021-02-01,-0.0036799119290849584,-0.0004542529047075296,0.00016233523518307893,-0.00022496629386858992
2021-02-02,0.0010049907604459127,0.007893512896846781,-0.0016350023552028775,0.0004329650934256268
2021-02-03,-0.0019213405876372148,-0.0012730553525725733,0.0020205714958219617,6.75255620308179e-05
2021-02-04,0.0007231183745271063,-0.00045668867398744107,-0.0002687580986382246,-0.0008955256600822051
2021-02-05,-0.0009813892832939244,-0.0036100319923476763,-0.0016451860257452578,-0.0011301073251838458
2021-02-08,0.002602068129929841,0.00016167758073669071,0.0024702554742801236,-0.00012945199370889495
2021-02-09,0.0016191586083903959,0.0017497635940724502,0.0011552605475245194,-0.0009080401331180635
2021-02-10,-0.0004446859652768875,-0.001553609553843541,-4.942227539351672e-05,0.0002884161147152884
2021-02-11,-0.0009079833583022071,0.0005059417082654762,-0.000549931234546222,0.0020221063481358444
2021-02-12,-0.00495632521819536,0.001221895251574746,0.0020271560943127174,0.00011495894165936192
2021-02-16,0.0006909887673302635,0.0035434917333643165,0.002118890983655546,-0.0016982990457101437
2021-02-17,-0.0037072677258902244,0.001257098987000508,-0.002277419226406742,0.0009606568483321765
2021-02-18,0.008762514886306565,0.002106511395772535,0.0018374040688019515,-0.0004399522847203785
2021-02-19,-0.005745754231974914,-0.0077862678937123,-0.0026715348644728064,-0.00231605810735068
2021-02-22,-0.005669838779095672,-0.0016445619520403666,-0.003299456297379955,-0.000571556126183085
2021-02-23,-0.0018598510418023888,-0.005856007404328548,-0.002448519110276938,0.0021280922318514333
2021-02-24,0.00797720693512633,-0.0018052167058564775,-0.005028171844318413,-0.0004136461175082006
2021-02-25,0.0071923225090788296,0.011030677777445378,-0.010224484204725583,-0.0002806932068929164
2021-02-26,-0.001061539594153561,0.001911946397918419,0.0024651559542938615,4.232604177630671e-06
2021-03-01,0.0037639096202862917,-0.0020213148574270232,0.000897832592803551,-0.0014613649953202459
2021-03-02,-0.007974219979777026,-0.002483429373745535,0.008737657398216412,-0.0010983646810421462
2021-03-03,-0.006330148549038541,0.0009479179216752337,-0.0003986859463956512,-0.0004925232005796526
2021-03-04,-0.0029067870228567387,-0.003824274491548778,-0.005451195865484958,0.0009340538678890022
2021-03-05,-0.004987067015115966,-0.01904323138273242,-0.020125331161782688,0.0011868102250662683
2021-03-08,0.01673805324495821,0.02409286107762555,-0.023302643283372004,-0.0005449216147757681
2021-03-09,0.008852854867253918,-0.004278309174438514,-0.007065905394354478,-0.0011007344707573545
2021-03-10,0.007490267621110275,0.01600705518495719,-0.016738587766713917,-0.00143917168429478
2021-03-11,0.005918723194283148,-0.0024666828653739123,-0.0023977871724986098,0.0011938740592164398
2021-03-12,0.0024827159719313517,0.005789800043433248,0.0054503838096827285,0.0006483826547883195
2021-03-15,-0.001653131599481878,0.0009995437219474696,-0.0014547731394372408,-0.00069826196163802
2021-03-16,0.005931054842290551,0.0037937805029540097,0.0031553282114989965,0.0011490384723095773
2021-03-17,0.0055993109006914525,-0.010310663482859516,-0.004667361300602112,-5.344522417779361e-05
2021-03-18,0.005490760761877614,0.005107685432703552,0.005133559420543729,-0.0016776461451824128
2021-03-19,-0.0025686819800001997,0.005630292786135602,0.0009791488076100522,0.00044430966219165133
2021-03-22,-0.007405729827546018,-0.0035271054526010825,-0.008358255253826304,-0.00047206019820516686
2021-03-23,-0.0006309100740044321,0.000404457493890714,-0.0017767420955153144,0.001716430962833295
2021-03-24,-0.000877459069579529,0.005102152430358216,-0.0012715450038008622,0.0003504228327948318
2021-03-25,0.00045208724170905826,0.0027612854495725576,0.005352721989679445,0.0002580737179361929
2021-03-26,0.004905503675256563,-0.005055633014308931,-0.0014381357071212991,0.0007962061768086517
2021-03-29,0.00955337012531402,0.0024719216596191065,0.005962873784568082,0.0014652198117997893
2021-03-30,0.0017520174679362937,0.007963016477647075,0.006019544296960162,0.00016305372017464762
2021-03-31,-0.003237141936197219,0.006834648050029146,0.0007439289307598102,0.0013656603440206378
2021-04-01,0.001857199684491579,-0.003219373122645947,-0.005280448596259722,-0.0016520451068615567
2021-04-05,0.003340201946856171,0.003926318337452575,0.004770615173060354,-0.0007197838597130389
2021-04-06,0.0018772147282573276,2.119983951499856e-05,0.00021569722783276426,-0.0008311424358419124
2021-04-07,0.0028495988819008554,0.0009537714109390018,-0.0005219460733565114,-3.2120078891372694e-07
2021-04-08,-0.000702775655938322,-0.0010364696271166394,-0.0010980755565824449,-0.0001029966983549467
2021-04-09,-0.001458409986919655,-0.0012140268037976938,-0.0012148764376429288,-0.0010849033312897922
2021-04-12,0.0021789824524079504,0.0007568752829152144,0.001451173746160815,-0.00011736913442006745
2021-04-13,0.005029726314316994,0.003954163915486227,0.006105008072843663,0.0009203139755457414
2021-04-14,0.006685581817738515,-0.0025191694851400487,-0.0009051869103031853,1.019366061930295e-05
2021-04-15,0.0008471564801902962,-0.001725696788582162,-0.0007811734977793032,0.0007641722081720825
2021-04-16,-0.0009112323148509042,-0.0034616228501200856,-0.006112370678896131,0.0008832944051188679
2021-04-19,-0.003644479750466706,-0.011134590489593883,-0.009348959348121442,-0.0005279166008905887
2021-04-20,0.006958130909743056,0.0073250425599427176,0.00914635187738358,-0.00010307255836602786
2021-04-21,0.003167318743487411,-0.0023920045007884117,-0.0013490009092514417,-0.0002333315592976276
2021-04-22,0.0017507740206765495,0.0062214580312314706,0.005847460522195984,0.0010562892408995806
2021-04-23,-0.005127108886655218,0.005966253661527585,0.005118255929217984,-0.0004972831307690547
2021-04-26,-6.377415206321343e-06,-0.0008169765294763658,-0.0013295548785722867,-0.0007524684547930303
2021-04-27,-0.002223245191773407,0.0015735554847466564,0.0037477750780563826,-0.0006657088460864206
2021-04-28,0.0010574562102061763,0.0012107558338963586,-0.000484873587748226,0.0012015288458471166
2021-04-29,-0.0005384288907048455,-0.001800440379913055,-0.0021296602041739558,0.0008126591355351098
2021-04-30,-0.0006556582304421218,-0.0038210061545800155,-0.0025765481105095495,-1.936195465573141e-05
2021-05-03,-0.006790116650232823,-0.00806212921855562,-0.005970583011343074,0.0008078632150665768
2021-05-04,-0.001637916343527275,0.002933794027041445,-0.00020213041380050928,-0.000325425260937049
2021-05-05,-0.0025732653568451003,-0.006112841931897208,-0.004094318479532408,0.00035213024382643135
2021-05-06,0.0041611953432082495,0.005684513482432153,0.006276918797393094,-0.0017925574828458928
2021-05-07,0.005431170057579588,-0.007852237117088448,-0.008008297676725298,0.0010366239246341665
2021-05-10,0.005563787143689399,0.005897286165176956,0.004245131004624961,0.0003937345806373701
2021-05-11,0.0034751819381037526,-0.0015614833000924392,-0.0074266879077277016,0.000637242469030648
2021-05-12,0.0030819931419861133,-0.0043668723712955914,-0.0055939668021053384,0.0012349256089898145
2021-05-13,0.003742274007781646,0.011961953349452626,0.0062060136637191385,9.529257590623874e-05
2021-05-14,-0.001716924547446323,-0.0015434408994076912,-0.00369934099232976,0.0018165201982993484
2021-05-17,0.0025801997010332462,0.0046840768666124785,0.003627840091853169,-0.0009698350939214828
2021-05-18,-0.0031569208905423926,0.0013251975709900102,0.0016752403771930447,0.0009027785373127896
2021-05-19,-0.0049788635206538066,0.0021835329543409983,1.3593910208902529e-05,0.00032176037614624147
2021-05-20,0.002830782988940676,0.0006578459084391319,0.0014557775811694855,0.0004781393171715038
2021-05-21,0.0033909081847986232,0.0018478040915877732,0.0023969592375835663,0.0006264145002127528
2021-05-24,-0.002980574716038292,-0.0011850053005025168,0.0007668452333097915,0.0004704458543490138
2021-05-25,0.0009012790317340695,0.004068456376852015,0.0034958702404930073,0.00029767963811020375
2021-05-26,-0.003512784542060968,0.001472306208667149,0.0007855832471551883,-0.00026016753550142446
2021-05-27,0.0035298990017234525,-0.0003801026840269324,-0.0009943605304082613,-0.0002177909346204187
2021-05-28,0.002879184225934487,-0.0015808282779903517,0.0025128738377566237,-0.0008252954710620306
2021-06-01,-0.0009315602447239512,0.00015895792919031883,-0.00096645541233218,8.52675568371886e-06
2021-06-02,-0.0016723778294195587,-0.004354155341431205,-0.002962499607485536,-0.00016783208488545812
2021-06-03,0.001775139861278241,0.003246836352072225,0.0005333220180247447,0.0002889400128761546
2021-06-04,-0.00015085145652606125,-0.00011886414668400592,0.0002474848059203106,-0.0011738790077608064
2021-06-07,4.697193955183003e-05,0.0017235732776165727,-0.0001188153539500021,0.0008763695841676434
2021-06-08,0.001144144278310515,-0.0018474975235809583,-0.0014086284773861641,1.7632306643018408e-05
2021-06-09,-0.006749886987040473,-0.004234394183845636,-0.003276283579102049,-0.0005905417895230861
2021-06-10,0.0029423536867708142,0.002259430326496683,0.0025583180021980694,0.00014933496676078502
2021-06-11,0.0014638539017142154,-0.004088599775159706,-0.004488424904378833,-0.00014873462091933537
2021-06-14,0.0038555398886214176,0.0024579584564504084,0.0032972693212621885,0.0005225971692398365
2021-06-15,-0.00035994012786459006,-6.711027989724386e-05,-7.662217544138326e-05,0.0003069754867356215
2021-06-16,-0.0002632816158281475,-0.007525731795877572,-0.010101791607379585,-0.0013216941840269866
2021-06-17,-0.00585726461612256,-0.00029888177515226494,-0.0035757930411420636,-0.0013421803539776275
2021-06-18,0.006394804412299958,0.0048598337783098645,0.007646917182978462,-8.03932183776728e-05
2021-06-21,0.0013431996267430923,-0.0020588678273059375,-0.004281405403501974,-0.0009677009896863275
2021-06-22,-0.0016591376852473619,0.0015300721453255597,0.0012250773684694403,-0.00039747338543722106
2021-06-23,-0.0026556868073604727,0.0007685303410305135,0.0001273359650988478,0.0007262006115713721
2021-06-24,-0.000512582248864833,0.0008281374920365148,-1.361473956741096e-05,-0.000624017066991308
2021-06-25,0.0038028729846763826,-0.0007689582159210239,-0.004955498326099898,-0.0006985030877535497
2021-06-28,-0.002349534234207898,-0.0017200475207893922,-0.0024713807640113794,0.0006521392082394051
2021-06-29,0.0036369284028258033,0.005047897885734592,0.005276152439711521,0.0006225461839806037
2021-06-30,-0.0006061285097620163,0.002619520519151176,0.004357483304416638,-0.0008436291317413908
2021-07-01,0.0005542353350494893,-0.004212575575850472,-0.0037486877635522597,-0.0003037181462011699
2021-07-02,-0.008341473656942131,-0.00486531406781318,-0.005217958938967672,-0.00035281314986253227
2021-07-06,-0.0035704948471578205,-0.004186944597194629,-0.0038317106007752437,-0.0002055684099886177
2021-07-07,0.0009106254614910223,-0.0030394729069984513,-0.003773482771581446,0.00023168701079951062
2021-07-08,0.006741818128714066,0.010189195565912083,0.005022723172088127,-0.00023350119431692946
2021-07-09,-0.002362011587355171,0.0016530269533628135,-0.000281423652068509,0.0008891214839094271
2021-07-12,0.0005709637321476942,-0.004280815558653118,-0.0018459415642695755,-0.00022228100453543237
2021-07-13,-0.0020889319839606218,-0.003260183475770507,-0.006025340172461402,-3.080999056262861e-05
2021-07-14,-0.004523556234808546,-0.00369346782261962,-0.005445132733332402,-0.0011188706242007318
2021-07-15,-0.006870134772155731,-0.010017599142351723,-0.008545108439657346,0.000515873397762942
2021-07-16,-0.0056275666807341935,-0.006267172330730552,-0.0046989733323999855,0.0006458058027242421
2021-07-19,0.009290496241508059,0.009191678922398874,0.0008660791297094888,-0.0002190311242058805
2021-07-20,-0.00852366043620421,0.013252633937551031,0.005519521698270273,-0.00021287727655200242
2021-07-21,0.005057619147942308,-0.0074075453877704665,-0.006714119607480305,-0.0001204349813825718
2021-07-22,-0.003777958153931912,-0.004497614777706036,-0.0019718519529850573,3.328009403711813e-06
2021-07-23,0.005883519667636989,0.0068441458102385805,0.00938386369435918,0.0005086654645403717
2021-07-26,0.002169407785509672,-0.0029647409745933388,-0.0019607539091174085,0.00018793794323126084
2021-07-27,0.005537545027273504,0.004316427985929522,0.006532383357571291,0.00020913142695357513
2021-07-28,0.0005172463902741587,-0.0009290562160112855,-0.001216957305757593,0.0003210661385194787
2021-07-29,-0.0017241323661345174,-0.0019339614775267559,-0.0028987559387038913,0.00030195865793211445
2021-07-30,-0.0007394201107573614,-0.0011991478492014165,-0.0018309409326056588,-0.00016940491572444734
2021-08-02,0.00030206458006510164,-0.0021055791120568545,-0.0032303191531480005,0.000904841098265321
2021-08-03,0.0021268334818046342,-0.006128103590778562,-0.006502054942676147,-3.7169534680549065e-05
2021-08-04,0.0038852207822691076,0.008702700779445908,0.010140212797311428,-0.0006899753044903017
2021-08-05,-0.001528573583642251,0.003742364354935715,0.003999936980795341,-0.0011223113440647489
2021-08-06,-0.0015036598305804133,-0.0008538613341540365,-0.0007375358944960883,-0.0007426184505030168
2021-08-09,-0.001567187867988141,0.0014528564191348887,0.0019385439840786814,-6.784330037426834e-05
2021-08-10,-0.005981377996014911,-0.0023935807118046974,-0.0007425048432508682,0.0007074304391883195
2021-08-11,0.000946554942412421,-0.0023173798894895745,-0.0027947960030446873,-0.00023871399423545518
2021-08-12,-0.0017124914728354145,-0.0017352570515367374,-0.0021096364353844523,0.0005604488264003971
2021-08-13,-0.004212712738048502,-0.004865214196635663,-0.003009376908898823,-0.0002465886955966375
2021-08-16,-0.0048009513723370235,-0.004942471919159429,-0.004650170133154554,-0.000246080768450279
2021-08-17,0.0024689360508079856,0.0020014057401419242,0.0032009783380978333,6.269727206765473e-05
2021-08-18,0.00037378974672636853,-0.010589335138015745,-0.004130067951926567,-0.00017000763470599567
2021-08-19,0.0006766817186563886,0.0007861447050320676,-0.0003413169069560949,-0.00015420439183256104
2021-08-20,0.00034188390691213157,0.009440615360677323,-0.006413359065197264,0.0007475712412476469
2021-08-23,-0.007626666319382741,0.007683837249988352,0.0028578993512485104,-0.0005256073959246879
2021-08-24,-0.0034606989134465214,-0.00044502216933203797,-8.429357806655952e-05,-0.00012046384521550596
2021-08-25,0.00041541119875033354,0.0002792449346984603,-0.004162085884565303,-0.00023595140925562375
2021-08-26,0.004240518835921804,0.0006522458372744648,0.0010107298658370157,-0.00045188111108475983
2021-08-27,0.006052792017416425,-0.0013282692579370298,0.0007028819232685745,-0.0005587629968073484
2021-08-30,0.0027835573646239255,0.0018423107347092765,0.002760652456091542,0.0005574526569358953
2021-08-31,-0.0005574387799713965,-0.002431976470648955,-0.0025076263463153442,-0.00033917532942417174
2021-09-01,0.0017059517780531341,0.0014173404124262275,0.0029106018504036152,-0.0009107641972631718
2021-09-02,-0.00035855547801162116,-0.0021946587608923335,-0.0014240592405160852,0.0006138408051380935
2021-09-03,-0.00027188868048042133,0.0007485445851505568,0.0023307504322225164,-0.0006038454484323652
2021-09-07,0.0033405109805637197,-0.0029355122764299626,-0.004585014187695406,-0.0015731611365622964
2021-09-08,0.004973357388063161,0.003109876621361646,0.0027582907750175376,0.00011707129780314876
2021-09-09,-0.0014010528591281235,-0.0006831813995515787,-0.001646843976231337,-0.0001045450986019682
2021-09-10,0.0018527482718736182,0.006088896910208413,0.005801515272121789,0.0002116216364884269
2021-09-13,0.005193314986355402,-0.0018349327580966183,-0.0024489724849491327,-9.371086947687728e-05
2021-09-14,0.0033492424290614566,0.0013642481377605141,0.004650619295950319,-0.0007793931569041142
2021-09-15,0.0006980373315250522,0.001908867171716717,0.0009560335768143633,-0.0006397838309682421
2021-09-16,-0.00021846357910437143,0.0027979808553847043,0.0018159109172153766,0.0010781001246481538
2021-09-17,0.0008647206707451736,0.001533765276021895,-0.0013483748253972506,0.00015928447293182168
2021-09-20,0.0008730394832046166,-0.0021781904361609697,-0.0014251041951457715,-0.000571016815186035
2021-09-21,0.00027369691110752995,0.0034727297265349055,0.003080680533990114,-0.0006801714385858014
2021-09-22,-0.00859551820329318,0.006524215427469109,-0.006715341013231537,0.00045213300582065826
2021-09-23,-0.0036006842976391744,-0.0010303480198442455,-0.0016835388356698678,-0.0011476188753392824
2021-09-24,-0.005929722550666815,-0.0017243085789524766,0.008573830882367243,0.0010270558990563717
2021-09-27,-0.006407813966071549,-9.806375315183762e-05,0.001622505383028269,-0.0004325606586548302
2021-09-28,-0.003354191123216594,-0.000717294005842044,-0.005589755468385235,-0.0002875152736327746
2021-09-29,0.000977606452633891,0.004623350640129339,0.0009442777534912378,0.0002762511535579368
2021-09-30,0.0014639456232636429,-0.00032521318982649196,-0.001646922308310808,-0.0001578195257692046
2021-10-01,-0.0014798073247640497,-0.006435952140935913,-0.006414894878227386,-0.0001536025956789903
2021-10-04,0.004008994093512266,0.002037582252959589,0.0029121752143830685,0.0006357334847414795
2021-10-05,0.0010381627455949864,-0.00027887462452892735,-0.0015547527548848284,-0.00022113154536780087
2021-10-06,0.002482725203090187,0.003713062945065669,0.00031309452348451716,0.0005065371685307493
2021-10-07,-0.002037270140718771,-0.004166954448024761,-0.0017204737621884932,0.0005847374361587759
2021-10-08,-0.0022130916767725034,-0.0012099947808343562,0.00023950721037960533,0.000482549489634065
2021-10-11,-0.0016425753217332692,-0.0005347801332264673,0.0003549178564848984,-0.0006701175004100911
2021-10-12,-0.0026339159757669734,0.0015323590068115386,0.0015275885471195936,-0.00047368704475688774
2021-10-13,-0.00182887827610273,0.002792986092166893,0.000701265062229949,-0.0004938376067302278
2021-10-14,-0.002637015742927137,0.0009674785002904601,-0.0006763152253844808,-0.0005072391708851166
2021-10-15,-0.00034065959458945015,-0.0006113472667691702,0.0016364815162231597,-0.0009150583528083314
2021-10-18,0.0012516165360477605,-0.0003578072508219477,0.0009964267568558889,0.00037126931055788396
2021-10-19,-0.0005258776755231822,0.0004980670300126328,0.00032953519738519103,-7.180258567423752e-05
2021-10-20,0.003848968531871226,-0.0006496274384573839,0.0007738815315514032,0.0012871154837311154
2021-10-21,0.0013050251878501966,-0.0034733162107211755,-0.002809214225756799,-7.912685401950915e-06
2021-10-22,-0.0002470454300603993,0.0016262032993392553,0.001508713845311724,-0.001929630795153447
2021-10-25,0.001175148043257671,-0.0008689540949808004,-0.0002774700902123598,-6.302025879199362e-05
2021-10-26,-0.002931093838349098,-0.0007163746235908424,-0.0008857234924352324,-0.0011024403432608745
2021-10-27,-0.00016789348111630046,0.00016701732861335714,-0.0024137889423308254,0.0006011782814899028
2021-10-28,-0.0019140190808781719,-0.0009690089062487103,-0.002509550233375705,0.001479339972336874
2021-10-29,0.004226303993662827,0.008439415838200745,0.006784630287399299,-0.0014325873775421132
2021-11-01,0.002293740353852999,-0.0030831174236223675,-0.002835333628242931,-0.00017372070364130861
2021-11-02,0.002147497372984325,0.0033189637865892138,0.0038998456250109587,0.001371692283374551
2021-11-03,0.0011749928927442357,-0.0017831497790889023,-0.0005129126664204221,-0.00018222957989942495
2021-11-04,0.0008303603195565905,0.003533411447638612,0.0036893897753571053,0.00011627034078312513
2021-11-05,0.004489344196777105,0.004001828083338791,0.005555193714829051,-0.0001469084211995657
2021-11-08,0.0009935538843360207,-0.0031826229063254977,0.0002494203653025031,-0.0006799273705256207
2021-11-09,0.0003194959222368595,-0.0005619137000700259,-0.0023922778773644306,-0.00021301946363602294
2021-11-10,0.0019083697748372228,0.0012177099959277537,0.005757363878462165,-0.0008713704946248763
2021-11-11,-0.0015813673149348386,-0.0009861104249610391,-0.0027534818372194183,0.00033259727577337507
2021-11-12,0.002635574639090196,0.0005607538761891205,0.0041337043184074855,-0.0007964482446476598
2021-11-15,0.0027423707639406677,-0.0030480652087947757,0.0002528401492384264,0.0001382909927719494
2021-11-16,0.001142935519624682,-0.0009962638988464613,0.00040417136159093313,-2.1112428630638965e-05
2021-11-17,-0.0010621455709897364,-0.0023932393663972356,-0.00017197480453318576,-0.0013339688976377636
2021-11-18,-0.00047776719378972497,-0.0048868614839414305,7.079241751231617e-05,-0.0009992888786762271
2021-11-19,0.002054543863567669,0.002586829913486868,0.0034383050223531363,0.0010522358048420282
2021-11-22,-0.005040863340225598,0.0005931434899664771,-0.001988999472301668,0.0006601179947316181
2021-11-23,0.0002294851324957166,0.0026095700879828487,0.003906114343100544,-0.0001339077791356878
2021-11-24,0.001635628049063537,0.0006575556130996063,-0.00040818228887527693,0.0016336959379314457
2021-11-26,0.0021960784287074387,-0.0012785410042429964,-0.0005850402438804111,-2.4187270468301002e-05
2021-11-29,-0.0011657581108601722,-0.0007888384287556875,-0.000249012717419217,-0.000809027670775713
2021-11-30,-0.0020206252466097915,-0.007335638618437514,-0.003009779932264801,0.0007331431728509402
2021-12-01,0.006579493605292264,0.008565795781519408,0.0069764477908338925,-0.000531097968888797
2021-12-02,0.0043659245811754135,-0.005305527290238632,0.0002356768736743584,0.0009689325958762135
2021-12-03,0.0027319509108268596,0.0024629637469221434,0.0003742192412077774,-0.0014810322947042438
2021-12-06,0.006697095101833177,0.009828714167023847,0.006589361783380466,0.0022257692817594216
2021-12-07,0.0009258930301811727,0.00397783967065839,-0.0008762342217228197,-0.0005391498719422851
2021-12-08,0.001566787634727822,-0.00618410752788299,0.003458718948945778,-0.0005661022920930175
2021-12-09,-0.0030650215307357264,-0.004808339986232418,-0.004312388955704808,-0.0012886835611615624
2021-12-10,-0.0017315787918408094,-0.0071906913090513435,-0.006254331624482963,0.00025329252609499045
2021-12-13,0.0014558692852104037,-8.745573779925811e-05,-0.0030157285854335554,-0.00021586220920187646
2021-12-14,0.00339666157825993,-0.0019544153460096026,-0.0002513801699330484,0.0005844535016772164
2021-12-15,0.007313280390013645,-0.008419220143559164,-0.004977175104205819,-0.0009427331582044718
2021-12-16,0.007286385626273127,0.009480479460868137,-0.0003167724437524119,0.00038288907055487507
2021-12-17,-0.0006046515109416367,-0.005976091083848562,-0.005257475995645239,0.000854334062236943
2021-12-20,0.01024932909297316,0.015841005747660033,0.01602200730068069,0.00040713389053323933
2021-12-21,-0.0021007529839753105,-0.0011254037559127856,-0.0026693667468916274,0.0004578609430308319
2021-12-22,0.0005186389508385825,0.003577162478596138,0.0030844211785081214,-0.0007905842062114122
2021-12-23,-0.00013062392644644063,-0.0016436401221520491,0.0009173628556877168,-0.0013064759135055018
2021-12-27,0.0016894127579899596,-0.0013012571786498446,0.0007195172819278044,0.0007531013251684092
2021-12-28,-0.0017428896926510121,-0.003105964680141687,-0.0021772242927481757,7.171894718187294e-05
2021-12-29,0.0014038281878226008,0.002658879188540255,0.0018682974575880836,-0.0004065059895257716
2021-12-30,0.001357680060281012,-0.0035321980394235363,-0.002420505688364691,9.207099745955804e-05
2021-12-31,0.00918543347894234,0.012817204012677809,0.010745244610459349,-0.0005548295424163334
2022-01-03,-0.010122138910900587,0.003947666492037246,-0.0009587394890626459,0.0003953938229561304
2022-01-04,-0.008367552092279056,-0.012886307044738579,-0.012041677605436497,-0.0009346766460581322
2022-01-05,0.0013844381102019346,0.002003897925693621,-0.005269576459945723,0.00039535409503513254
2022-01-06,-0.0020136794070690035,-0.008340817986983839,0.0007662869210696955,-0.0022876733129713524
2022-01-07,0.0010965177288778218,0.0020921767179579265,0.0024628467950754238,0.0003396742010945971
2022-01-10,0.0022214584728987206,0.007534342397791483,0.006634282786230103,-0.00024238834746750102
2022-01-11,0.0009324764414431407,0.0007521117826230244,0.0004124781570385245,-0.0004110592808961067
2022-01-12,0.000676514250617008,-0.006329374803553849,-0.012760229062134322,0.0024336105478002384
2022-01-13,-0.002463984864793174,-0.0033829406912354015,-0.000851571403286748,-0.00030640986844950887
2022-01-14,4.216789353694359e-05,-0.0032833858143489244,-0.005472282077666955,-0.00033054609304942914
2022-01-18,-0.0033873598712819445,0.00015322304963354352,0.00030296336356886296,0.0005001314295335895
2022-01-19,-0.0041255982144914405,-0.002509724109746333,-0.003595260401046802,-0.00042428653451294883
2022-01-20,-0.0016864725860710823,-0.008689770435946924,-0.0067321232246111504,-0.0018921505286141715
2022-01-21,0.0039302679107411425,0.008051528962632918,0.0035816096022928696,0.0002645198395860374
2022-01-24,0.006138723138164647,-0.005028668135174763,-0.006833673729994185,-0.0023747602855603046
2022-01-25,-0.0018223159441216408,-0.0015399402557383904,-0.001994797326007569,0.0012204150053736896
2022-01-26,0.00138024976603983,-0.003938627132819096,-0.0059209520949648495,0.00010053528211918448
2022-01-27,0.001739383712943358,0.007724323794836447,0.008051506897671637,0.0004816049466317414
2022-01-28,-0.005172893003443435,0.01637327773684232,-0.012786823817619803,0.0002452996179063781
2022-01-31,-0.0015175727847115497,0.004119000547937826,-0.004242945985292099,-0.0010903944988634167
2022-02-01,0.0034725210117386523,-0.0011830626003475533,0.0007535351198530176,0.001532339785185611
2022-02-02,-0.0034994467535838453,-0.001674939330359506,0.004925464391411586,0.0012239260952994638
2022-02-03,0.005567106868754341,0.004421474311189032,0.00291155555132141,0.0010507245332126726
2022-02-04,-0.0012277086050562782,-0.00146657227681809,0.0005212300996646034,-0.0010517740186790467
2022-02-07,-0.0029604542192823583,0.000545867035712936,-0.0007354621471378207,-0.001231572272315279
2022-02-08,-0.0009638520090519205,0.008964848792867125,0.009487089238400184,-0.00014290644117748833
2022-02-09,0.0033499758265451013,-0.0030756029151580884,-0.001121799768399703,-0.00041455754259884
2022-02-10,-0.005653410184310536,-0.006621350623133478,0.0010144035644843944,-0.00103869111827906
2022-02-11,0.0032169640553083327,0.000650530536340502,0.0007919204832820666,0.0010464762408933731
2022-02-14,-0.005859101328321176,0.004077644696963364,0.0005677415362837444,0.0011123683816023622
2022-02-15,-0.0012941655001303383,-0.0017793813919745223,-0.002875013444729315,0.0005894004616932999
2022-02-16,-0.0018526298681742065,-0.008959794228650448,-0.006778068836709337,0.0002235154230230898
2022-02-17,-0.00331595662445372,-0.0030702346588264854,-0.001436805302841066,-0.0007466535193935032
2022-02-18,-0.0008165231622579037,-0.002985648888142588,0.003411848563199999,0.0011672266199912835
2022-02-22,-0.003476150605151253,-0.007025146648762922,-0.006969711682435258,0.0009341047151208007
2022-02-23,0.010817827945088655,0.02124078114947905,0.008861353050999216,-0.0007023954954295086
2022-02-24,0.006224381595567835,-0.0020414207254414113,0.005758989207189804,0.0013757798737111312
2022-02-25,-2.3696294339139716e-05,0.0017644584768772347,-0.003381776456486072,0.0002468313078312907
2022-02-28,-0.0103252227581777,-0.010765530530281335,-0.007730079118550985,8.161636593179315e-05
2022-03-01,0.007579529774111586,0.005822952266958976,0.0020696593205875237,0.0008146991770391776
2022-03-02,0.0014509028084660155,-0.00953713433774488,-0.016935407474688146,0.0003143336806111524
2022-03-03,-0.018325281627515067,-0.020945467569079723,-0.025656540920385135,-0.0010942006863708044
2022-03-04,-0.022348479332984936,-0.020161135112006033,-0.0012311841246110656,0.0016798276973786
2022-03-07,0.009611855919807425,0.012039093966312187,0.005748374891282135,-0.0013511048066159649
2022-03-08,-0.005563732600111726,0.02082746040908046,0.015168678050668011,-0.0005204874441287237
2022-03-09,0.005964918810739193,-0.003109434251784893,-0.0071773840300105906,-0.00032199706328408113
2022-03-10,-0.005914741702008875,-0.008323958512192002,0.0028496782605426656,0.0005298271527316961
2022-03-11,-0.0063506722142211034,-0.00699343576110402,0.006127891300171182,-0.0005023071780021485
2022-03-14,0.003890852317294027,0.007727105657713226,0.010006336236865206,0.0003346836744474428
2022-03-15,-0.009858701903284223,0.017352311133556744,-0.012312596710546514,-0.0012198418893840887
2022-03-16,-7.735988097700986e-05,0.006846813419930939,-0.001323709358652092,-0.0002477474923282481
2022-03-17,-0.004952168748187862,0.0002935412139715326,-0.00828904965387639,-0.0005666126653210004
2022-03-18,0.008792596817102257,0.008212637600378648,0.010430529925309717,-9.714787959076715e-05
2022-03-21,0.005768999440829859,0.006693133270006369,0.008430024418845248,-0.000715090049047467
2022-03-22,0.00555960313851248,-0.003400020078687185,-0.0029520782160457615,0.0012894228609896974
2022-03-23,0.0011433611759638826,0.0021068663469981817,0.0024794265544710943,0.0005692987726476718
2022-03-24,0.001018719513029665,-0.005759007893790824,0.0043725328837797865,0.0004713908386828033
2022-03-25,0.007501667565328254,0.005323359832036304,0.005885819209364257,-4.341533793309477e-05
2022-03-28,-0.007140388143220019,0.008279279150425901,0.00954591456226716,-7.097331317463442e-05
2022-03-29,0.008903260924489086,-0.008153675060521054,-0.007111867373557344,-4.405102326200832e-05
2022-03-30,-0.005997990819129711,-0.0067079578183513715,-0.005107023630817406,0.001182885803266458
2022-03-31,-0.003673087635993921,-0.005062919994912773,0.0013027798437651326,-0.0004560803670289299
2022-04-01,0.005495038280194413,0.007620633578747261,0.0076672472472097564,0.000707844393453837
2022-04-04,0.009329972772091698,-0.008938693679655349,-0.007594783022230119,-2.1023532415871697e-05
2022-04-05,-0.014764055389674463,-0.01564482378854404,-0.015740674524892535,0.0010461959331477015
2022-04-06,-0.0038902749106813836,-0.0032851602982489447,0.00023124273908820372,9.867044145544627e-05
2022-04-07,-0.002333218828372182,-0.0044648514023415235,-0.003818321485512279,-0.0016993600655200816
2022-04-08,-0.0018410940144047505,-0.00015577503285825716,0.0013036726871116222,-0.00024360630418337372
2022-04-11,-0.002432680206660556,-0.002801949290647289,-0.0016210455262947836,-0.0006189724268072099
2022-04-12,-0.0013619508673744889,0.0059523233441902785,0.0014242357861023228,0.0014311527244973388
2022-04-13,0.0033023074706485275,-0.008305313516123113,-0.0068897298850443805,0.0006935025601056663
2022-04-14,-0.0027798716699041414,-0.0014461612863750177,-0.0008662368286964002,-0.0004106717258536565
2022-04-18,0.004784400674124985,0.00788118579611459,0.009798620621441068,0.000852826708733306
2022-04-19,0.004898726530824348,-0.0035783899774770155,0.004708713346151962,-0.001267302271956665
2022-04-20,-0.006006982064301677,-0.009778418871587596,-0.011752667453493595,0.0009740333027139511
2022-04-21,-0.0029885772988434895,-0.001971543524543035,0.0009474171956465619,-0.0015609117987862699
2022-04-22,0.0017913910019101997,0.0037993246777864847,-0.0002311676859817163,0.00021662810874075274
2022-04-25,0.00726370301442422,-0.006827088519363523,-0.008814193483020363,-0.0011061124190518054
2022-04-26,-0.00296175979682906,-0.0018032674148290508,-0.0018950708690754657,0.0010049755733180954
2022-04-27,0.0016085404526340304,0.0058864535083135,0.008259990796973623,-0.00018211807372791068
2022-04-28,0.002134493765526498,-0.0007720106626741567,-0.002471891473369597,-0.001658989636121201
2022-04-29,0.0025673915447288298,0.012230720972525044,-0.013346134259584138,-0.00013199076473909192
2022-05-02,0.0007335898532382405,-0.0010864558391143278,-0.0014797324262652433,0.0014069323025321981
2022-05-03,-0.0040782843288142984,0.0015890179797196985,-0.005294825355480407,3.3856721086162226e-05
2022-05-04,0.0033328376764052052,-0.008997724316151333,-0.003909994946853859,-0.0003113337730438967
2022-05-05,-0.011560291681358772,-0.012753930041373408,0.012635182040276102,-0.001778888480649756
2022-05-06,-0.009073989532196874,-0.01590484038689153,0.024095214215657985,0.0011653206260552555
2022-05-09,0.007604840409068836,0.007540727246257399,0.00037183051537887404,0.00017468393679817147
2022-05-10,0.004579336959475186,-0.014206740626873148,-0.014714963031302404,0.0006127138516385027
2022-05-11,0.008705612454509784,0.008543766852316545,0.01595124304210786,0.0005148185425293149
2022-05-12,-0.0029186611213042266,0.015818340751834043,0.019295289089858607,-0.0008725535000076632
2022-05-13,0.008376897698402655,-0.010471032964524429,-0.011691458041319379,-0.0004982277246675723
2022-05-16,0.005582623129223133,0.008510889387554529,-0.00900151074491078,0.0013581844150053982
2022-05-17,0.0014121658533009726,-0.0013073198764066974,0.005697735604431633,-0.0023185748736283453
2022-05-18,3.8790253899019085e-05,0.007538487731222151,-0.0014325319757335841,-0.0001432880701467891
2022-05-19,-0.0021286698886484865,0.0004596800313074077,0.0019928892919343208,-0.0023444040504208355
2022-05-20,0.00350234756115979,0.0003330176091172233,0.0016404629159401714,0.0011306719246141751
2022-05-23,-0.0053483376583668375,-0.017012705440516713,-0.01218558699312181,0.0020285681274827302
2022-05-24,0.010441158973318931,0.01183721007372727,0.01562206526004908,0.0015538534097601004
2022-05-25,-0.009711588463725869,0.008738386757219876,0.008847650238233019,-0.0012681503606487255
2022-05-26,-0.0075647401980518565,0.010633776599689747,-0.005506279332396047,-0.0008956017269267419
2022-05-27,0.003494235224321511,0.0013814949109659596,0.0003511850723023535,0.000857529269065991
2022-05-31,0.0017904502369285725,0.0012236981086065578,0.001088050819879992,-0.0007653537502780709
2022-06-01,0.005737422273051448,0.006560282851545148,-0.004576510107270239,5.590165114619567e-06
2022-06-02,0.006817817280351857,-0.0024151477625736924,0.008313459841695063,-0.00024445470489068354
2022-06-03,0.0003869483304332548,0.0004702812449976449,0.0015814721358861827,0.0010925648279564385
2022-06-06,0.0014545247040860544,0.000641824648301353,-0.0009122426163875572,0.0004477320024071569
2022-06-07,0.00027414415808352726,0.0011481957813757949,0.0018378970326017943,-0.0006821655930556122
2022-06-08,-0.0008293909094131195,-0.005704039649227066,-0.008122704892971486,-0.0013776819115860087
2022-06-09,-0.0050948260651961655,-0.0076617706179009275,-0.008918177700000232,0.00018793839991165567
2022-06-10,-0.009304599926291271,-0.010350516459304945,-0.005682584995173309,0.0003815289815810741
2022-06-13,0.0008981218228274098,0.0022499321394111454,0.0029450265908927994,-0.00039377632649610834
2022-06-14,0.00020126863100595015,0.009525002475138043,-0.010473792757006403,-0.0004894232527630306
2022-06-15,0.005648309630837488,-0.016472187668428395,-0.008257095652390323,-0.000640329936235379
2022-06-16,0.005130054806253678,0.005542642092084877,0.005950312186803193,-0.00014938977188038317
2022-06-17,0.005182663512024503,0.001115383927393607,-0.0035188005869182465,-0.0010800921254938143
2022-06-21,0.0027143797180062034,-0.00209688984473991,-0.004381422020096779,-0.00039382705162155764
2022-06-22,-0.015216530688204229,-0.008513512875479174,-0.00970214170232947,0.0004273274150440779
2022-06-23,0.0055203732044475885,0.008202775430626483,0.004957334957579246,0.0008438753958598813
2022-06-24,0.006760967838815743,0.0035631862351465085,-0.004866764968479465,-4.05554912167683e-05
2022-06-27,-0.008004603011224395,-0.0007874812885541245,0.0011821870523348289,0.0005814339426139576
2022-06-28,0.002896154945714454,-0.0029976909385138898,-0.0022427090496253102,0.00010855798154947989
2022-06-29,-0.004186767916982147,-0.0068640544078080795,0.00840182976854178,0.0018377354666804751
2022-06-30,-0.001652049607680331,-0.0013547778358958457,-0.000767617276356364,0.0013045877965232554
2022-07-01,-0.000353911499086221,0.009762130024128922,0.006710858115638963,-9.744871797119312e-05
2022-07-05,0.0028404380139745115,-0.008335253290004263,-0.0010380308532503568,0.0003557810900193316
2022-07-06,0.008480078652438229,0.0158686985388215,0.017498934501054247,-0.00022152913106044753
2022-07-07,0.00016990375552185022,0.000532459182847009,-0.0003660250188395655,0.00012517312268545347
2022-07-08,-0.0016288244832532827,-0.0070709709866562925,-0.010530209160830323,-0.0003463625420299692
2022-07-11,0.003004295074869084,0.005277761192422138,0.0033764799045296607,-0.0009327643182299591
2022-07-12,5.132172717052409e-05,-0.0013524463923823037,0.0003054729946263344,2.4636426736861396e-05
2022-07-13,-0.003102087693729826,-0.005384755417054726,-0.006021361911076278,-0.001495278244949628
2022-07-14,0.004842568472413938,0.00777857973751936,0.005371568200684914,0.0002150650245076667
2022-07-15,-0.0031877275934485715,0.004410317491768721,-0.007712335634933136,0.0007651602006855237
2022-07-18,-0.004574995449272442,0.006426851273725196,0.003918383819529184,-0.0008479158889983082
2022-07-19,-0.010059208826859229,-0.001471907654656099,-0.007060007110283082,-0.0010585444218651715
2022-07-20,-0.0030380634896559297,-0.00041741912349611273,0.003164738855259966,-0.0005429934771134083
2022-07-21,0.0022861449742193024,0.001890933529232591,-0.0045827408738222785,-0.0010005673132814253
2022-07-22,-0.001013377974173068,0.004222312235747133,0.0009651747374348934,-0.0010540776782950155
2022-07-25,-0.005432083293914868,-0.005616423019789055,-0.004928810835365983,0.00031314669698389376
2022-07-26,0.01198494326338692,0.016251046394297867,0.019572832752102646,0.0016465492622505758
2022-07-27,-0.002685362341375976,0.0005616438380470302,-0.00039615061080411557,-0.0019348420240107244
2022-07-28,-0.002427467845583449,0.000604876465846858,-0.0002810114976805785,-0.0007821998935800288
2022-07-29,0.0028995885264220898,0.0015148440729212153,0.0012925254910944896,-0.00024749770337209034
2022-08-01,0.0009219379482499464,0.002130800004378631,-0.0006783341333637417,8.672393073565026e-06
2022-08-02,-0.0036095628897319953,-0.0017788409709936523,0.0037048579717174515,0.0006403564233571806
2022-08-03,-0.0031763373471145238,-0.003698372031180955,-0.0010933059285484707,-0.0006225457007961957
2022-08-04,0.003681822245145584,0.004533927076200664,0.00580905147653792,-0.0018729753818124053
2022-08-05,-0.0009855473093461078,0.002361074397738003,0.003466009438657567,0.0006597704599649691
2022-08-08,-0.0021678016850315827,-0.001957823459778312,0.005010525591273482,-0.0012686100628968332
2022-08-09,0.013573432036736294,0.010895861604788733,0.01074517850520766,-0.0005127118244267257
2022-08-10,0.0007057512013748161,0.0007427289678046392,-0.006136963771969561,-0.0006561764348458094
2022-08-11,0.0010579507492072314,0.0018311226723239215,0.0013777549751940016,-4.0873209414766906e-05
2022-08-12,-0.0012165653501712173,-0.0027164708356925363,0.001092370747728089,-0.00018131117772056182
2022-08-15,0.0006045431309911573,0.0015120695940961948,-0.00034652478908348894,-0.0004019611467401579
2022-08-16,-0.0017516190137576038,-0.003125213283343165,-0.008027642183582043,0.00028402160961045556
2022-08-17,-0.0012006595670439376,0.002913564936646888,0.0024047493689058038,-0.000791303626182434
2022-08-18,-5.428833787317737e-05,-0.004628267907864568,0.0023978170377334214,0.0016230144345979463
2022-08-19,-0.006161124933845849,-0.006337517520188374,-0.0015094382004130003,0.0008611121275280817
2022-08-22,0.0002888353919220859,0.002692547317269494,0.0015623192106332742,-0.0006327206091012738
2022-08-23,-0.001482394697808472,0.0029670011494654642,-0.003193774802751405,-0.001403975986342598
2022-08-24,-0.0019323881518935617,0.006200999150092879,0.006416487031885498,0.0013580682004732606
2022-08-25,0.008208259021094363,-0.0011656370972787274,0.0007110401538014916,-1.2053492745467312e-05
2022-08-26,-0.004474330387663285,-0.004024342440827408,0.004814925275320749,0.0007371527858668595
2022-08-29,0.0023103583513271416,0.0018195243644437225,0.004557210815419451,-0.0011885402015472117
2022-08-30,0.000402560151216343,-0.0021156421729075035,-0.0010986084343781633,0.00020349634081066913
2022-08-31,-0.002881050740886686,-0.005256547217199968,-0.00604094581898177,-0.00019474997845665806
2022-09-01,0.00528787376729711,0.003619339728198048,0.0021776502722000504,0.0011678371113719615
2022-09-02,0.002135944134210418,-0.0017942457319554683,-0.0005239377993596714,-0.0005978445803890661
2022-09-06,-0.0019721991763031006,-0.0020595751648763224,0.0002693411831983081,0.0004079677220395057
2022-09-07,-0.0025090312615049554,0.0021075642923619412,-0.00486588941802507,0.0006948417484099093
2022-09-08,-0.0021765590156872486,0.006358572530290193,0.008309607875451598,0.00041148122375658704
2022-09-09,-0.002940144006600724,-0.0009174099270684248,-0.0025086477390176354,-0.0012836509543551259
2022-09-12,0.0018869932622065295,-0.000588929365496922,-0.004123869586192954,0.0003695806227006011
2022-09-13,-0.00131842291320601,-0.0019154625545554358,-0.00029361330528650335,0.002478484541884016
2022-09-14,0.0026386112001744494,0.0014109961682525374,-0.00013131310402462088,0.0012495233006423294
2022-09-15,0.0022858703974979098,-0.001834334111469535,-0.003858084707082382,-0.00025088381761825893
2022-09-16,0.0033943548243515922,0.00022427206549634562,-0.0005041592720419901,-5.66249693813458e-05
2022-09-19,0.0003582605614291455,-0.0026414489749305692,-0.003574640892820204,0.0002753310826157091
2022-09-20,-3.3964560184146573e-06,-0.00272963634526423,-0.0008906080496671957,0.0005649629555513969
2022-09-21,-0.0026339760242847306,-0.007403538392125612,-0.007879966364198398,-0.0012659535799523012
2022-09-22,-0.0006820931952130289,0.00162807223199854,-0.0011375908720497737,9.19378573652461e-05
2022-09-23,-0.0019035630873863697,-0.002496970681072284,-0.001169206553987372,-0.0005744557736420314
2022-09-26,0.0011269036992620812,0.004697757349852917,0.003365974112919911,0.0003073083636985882
2022-09-27,-0.006033015521255929,0.0038941558861783237,0.0014030116647049784,0.0008832277447478779
2022-09-28,-4.482216051967221e-05,-0.0029798780955183563,-0.0023297557071855325,0.0007382824149470547
2022-09-29,-0.002145459386727281,0.0008485058664336905,0.000601997588685901,-0.00046705901987277685
2022-09-30,0.001173586466799757,0.00032577991941949594,0.0009982018859255172,-0.0013752604617291774
2022-10-03,-0.0022283859755491305,0.0050256603497725255,-0.0005837389209732557,-0.00045385934930527864
2022-10-04,-0.004360524048059939,-0.003992986770161506,0.0015956079753653247,-0.00011009808305178396
2022-10-05,-0.006544875334749573,-0.005623877736505941,-0.010795598407264568,0.0016488024138800984
2022-10-06,0.0005986393410701254,-0.0014962939231961707,0.0034493309579285802,-0.0005432631922501292
2022-10-07,-0.004915956114746828,-0.0017139633950152917,-0.005232077706302018,0.0015201936404292161
2022-10-10,-0.006250968927637918,-0.004272456421343879,-0.003200390954648959,-0.00202008145681274
2022-10-11,0.002904030252449836,0.002584866711275144,0.004877388866016344,0.0017147636215490373
2022-10-12,0.0011012171953243457,-0.00104710499100934,-0.0006818403504810488,-0.000483719111893962
2022-10-13,-0.0017903586526743244,-0.005278508988346485,0.0015693642526619469,0.00041734569961669065
2022-10-14,0.005648180377985624,0.008777728740626076,0.009838111314111851,-0.0009853998510580939
2022-10-17,4.833965207483588e-05,0.0018505539235587987,0.0001661805045571208,0.0005598694982241383
2022-10-18,0.0014196752228261983,-0.002087466138519073,-0.0019808447307810254,-0.0005451406157138834
2022-10-19,-0.003309161724264012,0.0008367595154493897,0.006028621512540339,0.0006596647007145713
2022-10-20,-0.0010169674592589526,0.0018076314031080355,-0.0015425874193666384,0.0015047807361510668
2022-10-21,-0.00019345729437808562,-0.0002474591395794005,-0.0027503763207573782,-0.00022954184861234388
2022-10-24,0.0036580600634548138,0.011184891940404616,0.011104539684124176,0.0011634462284664474
2022-10-25,0.004598977803944211,-0.0013166760801391797,0.0018392057159210427,-0.0005617482027397679
2022-10-26,-0.0010754243194317386,-0.004944608118640297,-0.0061586743581482865,0.0011188467623137737
2022-10-27,-0.0016283716977865653,-0.001450288522950866,-0.0059601096187021675,9.916739883704683e-06
2022-10-28,0.0013109768621382611,-0.0019609374463850147,0.00034212923336746396,0.0005070147208669132
2022-10-31,0.00107926739789032,0.0016347605856764289,-0.002177006057317777,-5.147776638509103e-05
2022-11-01,0.00023076979817888618,-0.007818506848295353,-0.0050622784320859164,-0.0011569627874095342
2022-11-02,-0.006849136817945525,-0.008047832004170752,-0.007844720380678922,7.814829693491535e-05
2022-11-03,0.0003465552663518997,0.0008585698365229383,0.0012420723286584749,0.0006479712448621423
2022-11-04,-0.0034183402169615544,-0.0010899021168815188,0.0003646274715481688,0.00043056847862196925
2022-11-07,-0.002182235447582063,0.00042418694972319457,-0.0005443873281905318,0.0011365838610807543
2022-11-08,0.0009326896909709007,-0.004159009458504325,-0.0013469550267798858,0.0012035413120471935
2022-11-09,0.013327317091331241,0.01887917089192291,0.0005609501811128015,0.0009352052599323463
2022-11-10,-0.018536927709670577,0.013920682436022094,0.016436746854852767,-0.00044641516689075753
2022-11-11,0.006160897887702586,-0.0031747269826212796,0.0057154934544779885,-0.00022336883960344785
2022-11-14,0.004520884035416779,0.006285797093305567,-1.9255572333702557e-05,-1.140674766694064e-07
2022-11-15,0.008721803536552922,0.005103800936666562,0.012870481804796637,-0.001261889148181211
2022-11-16,-0.00013264952423085267,-0.0035201763165689727,-0.0006618313602568222,-0.00041032496155101025
2022-11-17,-0.000417945363622722,-0.002168409676057748,-0.0018725821386591107,-0.00014035344685557735
2022-11-18,-0.0040108473618472255,-0.0069723823558878175,-0.009494163951267865,-0.0006257863112362057
2022-11-21,0.005366063301135021,0.004067175235166187,0.005480529310158887,-0.00017106175477365446
2022-11-22,0.00140154707996253,0.0050385196220488,0.0023659370830460234,-0.00040535769257098886
2022-11-23,0.0016388284162167112,-0.002056863824379596,-0.001817922847747662,0.00028851224585576017
2022-11-25,1.028363386345233e-06,-0.0004023243517218244,0.00034724479668753015,-0.0002907420734107791
2022-11-28,0.002986182653687248,0.0036219030534686007,0.000692567493077948,0.0010805149836901908
2022-11-29,0.006087323300127261,0.006943647745082121,0.0068467784664842475,-0.00011918915385081189
2022-11-30,-0.0021482922200031264,-0.00035925115637946216,0.0016419859945542732,0.0020400013337995015
2022-12-01,0.00018185561200954233,-0.003228104082990627,0.0006531966147348673,3.928632869914195e-05
2022-12-02,-0.0030752249835482586,-0.005402177464126176,-0.005936451614948182,0.0002792871796317809
2022-12-05,-0.004077837422891179,-0.004059004014045822,0.0011164499377696998,-0.00023737337317452907
2022-12-06,-0.0007868212094882576,-0.002551597946620924,-0.001168814471117916,0.0004690753590695225
2022-12-07,0.0008747903981505174,0.002079820348347746,0.0023919150857031964,-0.0001655385817634669
2022-12-08,0.0008791569783286365,0.0014016777755934886,0.0026611070012877267,0.0010613150244945736
2022-12-09,0.0002934676416698308,0.002423604464088626,0.0038541941228735347,0.0007382713235423936
2022-12-12,-0.0010183813677904071,-0.00013764414570574863,-0.002446508608895341,0.00010923547136913331
2022-12-13,0.0024971199356523177,0.0007994266256287706,-0.00015222375033650885,-0.0006265452889353439
2022-12-14,-0.0038238069602409422,-0.0022469739586092083,-0.006481545111006279,-0.0011793451197559279
2022-12-15,0.0014700945303499056,0.001007479656662052,0.0023654331516988,0.0008652411510695558
2022-12-16,-0.000789596387836131,-0.0029249492882477152,-0.0014971915882955546,0.00018585623115539916
2022-12-19,0.0005618659765690174,0.0005668708711972851,0.00042923123787883823,-0.0005438571196759021
2022-12-20,0.0007510039271581436,0.0013796942019346854,0.0008007859826665382,-0.0006938053552476808
2022-12-21,0.003717516707157311,-0.0034135315944998296,0.005490593533816475,-0.0015303362002656918
2022-12-22,0.0014848279269869785,0.000246327891500999,-0.0011370760472156035,-0.00020639989326203258
2022-12-23,-0.0027173869078389247,-0.005494855823027914,-0.006916295834425079,-0.00036501325312263377
2022-12-27,0.0016784607181937036,-0.0010292524269677294,0.0015782067085046898,0.0010761563041615425
2022-12-28,0.002842000884438584,0.009884396779628537,0.01150954417111598,-0.00039277277791159614
2022-12-29,-0.00017158375038662382,0.001494672470863449,0.0002561255757938193,-0.0005138942907331574
2022-12-30,0.003696199730117414,-0.0011468545537517095,-0.004032028260984521,-0.0019975160695770663
2023-01-03,-0.004143783398419809,-0.0015592877456943794,0.007432538804965953,0.0007462986316022233
2023-01-04,0.00011374615798233574,-0.0036123180667778825,-0.0018092797211848506,0.0001350227004136617
2023-01-05,0.0012474839786129322,0.0015878545152570732,0.0029807431025592793,-0.0003986832036132036
2023-01-06,-0.0033346584223881487,0.0029499470022577075,0.007154641632311547,0.0016478293318362234
2023-01-09,-0.0014771807321403742,-0.002155342584557377,-0.003957838081286641,-0.0014413012245093955
2023-01-10,0.0001134063703081795,0.004506830599574774,0.004236507729393253,0.00026831954303170694
2023-01-11,-0.0015111326890881803,-0.0006357831851773398,-0.006590758835624876,0.0006366710912102363
2023-01-12,-9.557389334447855e-05,-0.001695693021479129,-0.0015917785307967402,0.0002660865545165302
2023-01-13,0.0002972833152743658,0.0019498977544763112,0.000584194820371658,0.0007995679517785306
2023-01-17,0.00042711403496477904,-0.0009290896604512352,0.0007899169102642821,0.0006187550131266921
2023-01-18,9.313024310351463e-05,0.0003638750214872306,0.0019100211009505156,0.0002486889552733586
2023-01-19,0.005383505636432277,0.004795318598655006,0.000966307060224167,-0.00030799857687444196
2023-01-20,-0.009011489714446349,-0.0020896448368790117,-0.012954498356841058,-0.00172534214676208
2023-01-23,0.003500518228885667,0.003669947536762525,0.004340089244190098,0.00038631943195731533
2023-01-24,-0.0004830629902655569,-3.5289462075722825e-05,-0.0016230241723200988,-0.000394982174615762
2023-01-25,0.00033885991156309725,-0.0003731739657375373,-0.00042637967194674093,-0.00026879131650705667
2023-01-26,-0.0006900992941377237,0.0020010886583089467,-0.004583793710862157,0.00042100483788756
2023-01-27,0.00479586771990039,-0.0007472582120939102,-0.0014490272849046835,0.00016476407333185044
2023-01-30,0.0042141722822749495,0.0037194907778469372,-0.0028574846109561862,-0.0006373806984138297
2023-01-31,-0.006329286629993424,-0.0034318153934819184,-0.010872903319089165,0.0010651229147552734
2023-02-01,-0.01533845017299614,-0.0024040602790166093,-0.013326042991969603,0.001533809346372656
2023-02-02,0.009177571217290384,0.005221995939050404,0.004199221140109691,-0.0013301684099872903
2023-02-03,-0.003241551302238468,0.004262451874491418,0.0033627065783807366,-0.0005010240386798588
2023-02-06,0.0037315310522652713,0.0036162907835585634,0.0009845568278010711,-0.001191201721947924
2023-02-07,0.0014384703078533718,-0.0025459782533606245,2.0694544325501446e-06,-0.00015562300281234484
2023-02-08,0.0004898670753461759,-0.0018212931760600013,-0.005631320943251724,0.0010980050124380376
2023-02-09,0.0018646674878483218,7.884347432002522e-05,0.005586382574768978,0.0007861248537887154
2023-02-10,0.005714364329116878,0.0024726178955643305,0.004369198392674056,0.0008170204332640464
2023-02-13,-0.0019552559859061843,0.0017277791178766427,0.002188043538190777,0.0007652401866320008
2023-02-14,-0.003421211571484173,0.004928760535989124,0.013501564217297571,0.0003158619589893886
2023-02-15,0.002440377714922929,0.002075931551031568,0.0005864418855789874,0.0005270704584183208
2023-02-16,-0.002676340668648061,0.00070179759069694,0.008747181059404016,-8.96548821057382e-05
2023-02-17,-0.002396604582015538,0.002965529679698258,0.0012739779823080916,0.0012210895193530478
2023-02-21,0.0009579143856484998,0.0012337633676600325,0.0002915997411930065,0.0004441200589086571
2023-02-22,-0.0007659563218283199,0.0031043406502337194,0.0017565281487366224,0.001251847600510632
2023-02-23,0.0008301568315057048,-0.0033715243187333764,-0.0020154287829363344,5.8199226758462e-05
2023-02-24,0.0018697405690386573,0.00048282040751982546,-0.00224005278755416,1.3500242407492352e-05
2023-02-27,-0.002383876596407124,-0.0025095267082104315,-0.0013430384391050181,-8.157731799580413e-06
2023-02-28,-0.0007215899618891521,-0.0017448778828182804,-0.0018674590131218993,-9.143559839416965e-05
2023-03-01,0.0009354841468658902,0.0015765427490191664,0.0036988540452589052,3.8880514993134035e-05
2023-03-02,-0.0008144838246691412,-0.0013264994988957685,-0.0006880606642527484,-0.0007669599116780719
2023-03-03,0.0008095833432150371,0.002332906528910905,0.0031332616697778357,5.9047039368728166e-05
2023-03-06,-3.786785220872527e-05,-0.0008779544879466988,-0.0006666718484926405,0.00021265340836013492
2023-03-07,0.0003642585728435758,0.0012641899720867242,0.0005280793925296177,-0.0009606357815294689
2023-03-08,-0.001598845910555873,-0.0029740455463319105,-0.002095282925991518,-0.0006508025289918525
2023-03-09,-0.008321842392173838,-0.0067954583806045035,-0.000666748321364171,0.00133443081088169
2023-03-10,-0.0067240043102822535,-0.012375136797637487,-0.006201833438721599,-0.0020705689798677478
2023-03-13,0.000999860090575601,0.001397676703996824,0.002108069880418412,0.00022562633446152907
2023-03-14,0.0032779693931108728,-0.007447745410504943,-0.0035511229990010753,0.001432574619134557
2023-03-15,0.005044440529552834,0.003054738535910951,0.0054550035278568675,0.0008633427964537281
2023-03-16,0.00030583984096151134,-0.004830457507718116,0.0006742486852208314,0.00015464121916454858
2023-03-17,0.004539995549695448,0.005643216803454431,0.005390675292161826,-0.0005221377089145524
2023-03-20,-0.0012673392563950277,0.0035536021023928545,-0.007971296764822559,0.0010478074276088231
2023-03-21,0.004197457166201427,-0.0036940817347588324,-0.0004941769712112843,-0.0005201659461155398
2023-03-22,-0.0048976316963568285,-0.0020025789417440687,0.0009140180489485126,0.0008289384401395783
2023-03-23,0.003922533269740002,0.002778171953170365,0.004296079607052843,0.0013645647025576158
2023-03-24,0.0021025395232573576,0.004109849523174949,0.005041027844435887,0.0007932865056971603
2023-03-27,-0.002137335364061803,0.0005368667267687795,0.0026223101641841243,0.00026753953496696343
2023-03-28,0.001671925506114917,0.004773441340149219,0.00508665948684725,0.0006142683584466899
2023-03-29,-0.0021560644917100456,0.0019616761302775113,-0.0006685906501486367,0.000882071879197613
2023-03-30,-0.0011114664899752483,0.00032604569595565434,0.0016008902507640408,-0.000435260373617617
2023-03-31,0.0035577099244137153,0.005768201771475004,0.006717739540715065,0.00026560781332701365
2023-04-03,-0.0008457187725515907,-0.003704633427901592,-0.005785662445813829,-0.0007077010906944582
2023-04-04,-0.006933591995547565,0.0003998743184992553,0.0018487959454930789,-0.0001203034238853678
2023-04-05,-0.001610824610109726,-0.0006518844348244922,-0.000508574640836065,0.0011478380796862437
2023-04-06,0.0039603199617234425,0.008078384469552674,0.005442331291220101,0.000571241459721327
2023-04-10,-0.002255282457865712,0.0022968536184551558,0.0022942076763924624,-3.8359121796470306e-05
2023-04-11,0.00136210654351046,-0.0018704725763882093,-0.0017722074371197467,-0.00042136931084748203
2023-04-12,0.0014663043579580459,0.0016066772806990139,0.0008390350612846225,0.00012326305985521605
2023-04-13,-0.0009399126896857415,-0.0018893274490620897,0.00015555741676808512,0.0001408612700122852
2023-04-14,0.0022529945960072704,0.004802120441606239,0.0026912036662071533,0.0015935958914145307
2023-04-17,-0.00039575488264320153,-0.0013781062071948759,7.802069228597563e-05,-0.00038354495866474675
2023-04-18,0.001047148381277644,0.0014195081704679712,0.002764938094821157,-0.0006659771806712384
2023-04-19,-6.043186426763705e-05,-0.004153221895671469,-0.0017174138807601314,-0.0007508789443711935
2023-04-20,-0.0008894108642498375,-0.0020874190952559243,-0.0009096057916872867,-0.00045950998880573356
2023-04-21,-0.000678550563495159,-0.0009407938696456364,-0.0006250416765612225,0.0008330702010224037
2023-04-24,0.00013755519338992816,-0.0077472462727111195,-0.006536667586939972,0.001047277433992248
2023-04-25,0.0038312643460805033,0.0048933526913086025,0.004934575491988446,0.001182308635381243
2023-04-26,0.00011141760116878009,0.003853731983003624,0.0022684088587949184,-0.00024311539103679227
2023-04-27,-0.0013054575864070916,0.004752869315307419,2.9346442886790163e-06,0.00030429856699113237
2023-04-28,0.0010470543426022608,0.0015225391035791338,-0.001282808419174974,0.0003940240282152053
2023-05-01,-0.005850808985444238,-0.003560888978963791,-0.0027861782971793925,-0.0001109066847319391
2023-05-02,-0.0024686764902227838,-0.0028513526147829183,-0.003697710124288242,0.0007751862276687746
2023-05-03,-0.0016692016693048508,-0.0038506612427048415,-0.003073549859808335,-0.0008338084717811
2023-05-04,0.0032343565992158075,0.009271374294859492,0.008442875582441273,-2.606619037761301e-05
2023-05-05,-0.0016299134549452045,-0.00045200682060277076,-0.0048130708175009,-0.0009545785120773746
2023-05-08,-0.0005290045345547358,-0.001585898612825651,-6.497860181330407e-05,-0.0009920203810629292
2023-05-09,-1.9749552691350538e-05,-0.0001367041992526332,-0.000769131060166321,-0.0005563242858750427
2023-05-10,-0.0014936827518256725,-0.0019282993588206263,0.0004452590753607457,0.00019726421291730746
2023-05-11,-0.001086561688470238,-0.0018973148620056225,0.003140624866541488,-5.560599920249687e-05
2023-05-12,0.0027978422201690232,0.008448493965547484,0.002744080015584778,-0.0004630691241405062
2023-05-15,6.571372465003728e-05,-0.005762982494719391,-0.005314590663678234,-0.0016576252308119221
2023-05-16,0.0032252110685270785,0.009303885198158376,0.009788452934067212,-0.0001036297587338718
2023-05-17,-0.004306639097762253,-0.002652881482968938,-0.0018352579439559064,-0.0004939402963631382
2023-05-18,0.002108994184187467,0.0005870082545650672,0.00271665761785639,-0.0007533502118640479
2023-05-19,0.00209192486672874,0.003391459885573485,0.0033332799480565987,0.0005380641585774703
2023-05-22,-0.0017120948888969673,0.0026319623573107407,0.00252223344865984,-1.242507744761588e-05
2023-05-23,0.0016942647426495966,-0.0018434388962549522,-0.00029753960399278524,0.0009693145349734927
2023-05-24,0.001067035821720329,0.005974940178736731,-0.00296306994045521,0.00014330205564375167
2023-05-25,-0.008767765935632174,0.003960577295241655,0.009216221516771683,0.00035520755363835875
2023-05-26,-0.004071829508697952,-1.9445522545540015e-05,0.0001930566484499363,0.0009458745403255469
2023-05-30,0.0013940994673015195,0.0007465505344728285,0.0024615230260801564,0.0011762661969107534
2023-05-31,0.003765017068352899,-1.058115596835039e-05,-0.004748519319372768,-0.0009870156333109579
2023-06-01,-0.0009001842579301726,0.005018787881528159,0.0037294172669548554,0.0005198923752227148
2023-06-02,0.003241824271735588,-0.005151738557938046,0.002721511796336168,0.00038548773211911924
2023-06-05,0.004326051484508734,0.0027220572017965265,0.00309912643435989,0.0016085229609501019
2023-06-06,-0.0065115478976489165,-0.002409890136103018,-0.002533153721430575,-0.0009329962321889169
2023-06-07,0.005063418233555397,0.0014871161074773692,-0.0018079541391916338,-0.0003073216149600354
2023-06-08,-0.001038420732062209,-0.0027990253902142105,-8.592110141771134e-05,2.4329039068782034e-05
2023-06-09,-0.0008497109116040768,0.00047736745603528096,0.0033263660279852373,0.0005875615845428994
2023-06-12,-0.0018959050625268804,0.0029227954102290427,-0.0037366311314427606,-0.00014372128399398157
2023-06-13,0.001351590289691218,-0.0014964292690718862,-0.00012580623099515452,-0.0011611277067970116
2023-06-14,0.0010882706349661477,0.0005675062637293351,0.0018267570340153073,-0.0007196376438171549
2023-06-15,0.0009004335990939605,0.0019891863915126526,0.0023748261453371594,-0.0010384688742513773
2023-06-16,0.0009903281101823083,-0.0030349515171485325,-0.0005464583903200672,0.0019708989232130043
2023-06-20,-0.00048051335745826233,-0.000539244860802629,0.00551674034481071,-0.0003856801487437426
2023-06-21,0.0011308350174197444,-0.00113204502778681,-0.0013900106226264219,0.00019398975332446774
2023-06-22,-0.0005912263587139383,-0.0015029269270273515,-0.0015410976780393445,0.0005829632756976363
2023-06-23,0.0030758284033497326,0.004514622670104867,-0.00042735100509379,0.0006201258718517064
2023-06-26,-0.0011839891892281057,-0.00014760123755816547,-0.0030935264023932477,0.0005355161279726045
2023-06-27,-0.002837837856898153,-0.002238051525027481,-0.005100648444701395,-0.0003305970465726527
2023-06-28,0.0011370184344670934,-0.0011913442306538682,-0.0008141999683581431,-0.0005533057498629633
2023-06-29,0.0018955635861410398,0.0004760242915675095,-0.002596983119144765,0.00045786173155585853
2023-06-30,0.0027481751772490473,0.00320555216871134,0.0022463154982334216,0.0011388950076642096
2023-07-03,0.002014776435919294,0.001417900267839368,0.0019350768993526815,-0.0002653646148084127
2023-07-05,-0.00024448295701660677,-0.0010183825815436856,0.0001295918947679959,0.0003429963261233129
2023-07-06,0.0032409852991406394,0.004462233985059183,5.29930192491326e-05,-3.096444609735623e-05
2023-07-07,-0.0015322826771165452,0.0019196704344374975,-0.001249598969809582,0.0006052511326385495
2023-07-10,0.001113527699649832,0.004162580530703875,0.00401872274142435,-0.0023049674936687944
2023-07-11,0.00040331211488385635,0.0007688912101086055,0.0003891230938250734,-8.16050017942403e-05
2023-07-12,-0.00259651614714771,-0.00039234332123356646,0.002077307262887546,-0.0002244815397553789
2023-07-13,0.0011757218819212912,-0.0016541712028548844,0.0016079674391649575,-0.0001372343661926378
2023-07-14,0.0014502236915364224,-0.0007595899604026799,0.0016161132588842708,0.0002929506616920547
2023-07-17,-0.0018314364715451886,0.003447570277917034,-0.00023301538977879118,0.0004803654710450711
2023-07-18,-0.0010501654608713077,0.006432834552923606,0.004315678459382205,0.00030210668939364456
2023-07-19,-0.003327405402633276,0.0017686753072594418,-0.005108935570276018,-0.00023022286887836027
2023-07-20,-0.0006000661740865682,0.0029074816689923463,0.0007202887071139401,0.0006234393794173857
2023-07-21,0.0010671227465660128,-0.000978125839594439,0.001202029738339135,0.000845172842382357
2023-07-24,0.0016027179724016794,0.0019201285334238415,0.0033532823078571273,-5.610937656139756e-05
2023-07-25,0.004561158814907159,0.004125705171221031,0.0038573431937656217,0.0014163997851071237
2023-07-26,0.0008351027171289083,0.0001550380801787453,0.002908495689943694,-0.0008639501201977101
2023-07-27,0.0005499871960779217,0.001987436040006219,0.000887803698071338,0.0006958360888576544
2023-07-28,-0.0007768777136560639,0.0009575417441399981,-0.000867225591971288,-0.00012185146056718047
2023-07-31,0.00011270913696934175,-0.000628885641177983,3.956385568759599e-05,6.171251390513558e-05
2023-08-01,0.0001012156420997396,0.004063005949603717,0.0015816527925258492,-0.0013382458602522003
2023-08-02,0.0011550117743876426,-0.00010627749200503646,-0.0011638625359981871,-0.0017605313603642025
2023-08-03,0.0003480710770149408,0.002632049408642526,0.0028176367068545047,-0.00011590530458587523
2023-08-04,-0.0007162816114610495,-0.0007434923842161377,-0.0021610730075999345,9.43396407722466e-05
2023-08-07,-0.000515875558456612,-0.001569123335355566,-0.002108875593886116,-0.0002908622479562798
2023-08-08,-0.0022947483727471614,-0.0007204902657554763,-0.0038944011309538316,0.00013853833055723334
2023-08-09,9.151714863782095e-05,0.0005433491764555936,-0.0005857879283837002,0.00028508756996329184
2023-08-10,0.0003520576763333191,-0.002284677130114067,-0.002340584493467249,-0.0008428649297250691
2023-08-11,0.004723082605082048,0.004928551915956872,-0.000731599490807526,-0.00048751417956438786
2023-08-14,-0.0021685744435217757,-0.001507272263388735,9.560157311061416e-05,-0.0008053589416428001
2023-08-15,0.0005757743804022071,-0.002154568266871745,-0.0031043051701378234,0.0009833049708804973
2023-08-16,-0.0017839283677350104,0.0025091255799475497,0.0017950024968543656,-3.934661469953874e-05
2023-08-17,0.00042936011201323495,-0.0008007295666198231,-0.0006540569168355937,0.00048347105155215845
2023-08-18,-0.00047499532822135946,0.0044544778916422835,0.0024717560473049055,0.0006129699458447698
2023-08-21,-7.240805822432159e-05,0.001636457097142137,0.0001952965175601007,0.0005748160623422408
2023-08-22,-0.0007680011362883259,0.0009345945240217621,0.0013035236530073045,-0.0011384183336089163
2023-08-23,0.00493094021883501,0.0032055988843359756,0.0022735703548744566,-0.00022513021978521957
2023-08-24,0.0027070399231438917,-0.00028741371756552824,0.000600288528083868,-0.00044221514652659206
2023-08-25,0.0018304751616123347,0.0007677960839476091,0.0006418536860189988,0.00040021397695907664
2023-08-28,-0.0020936933781462814,0.00360708971062458,0.002532992725776752,0.00017491989804075962
2023-08-29,-0.0014757750610990441,0.0006271232370515808,-0.003019188725984821,-0.0006657062362664947
2023-08-30,-0.0009594787453110533,-0.0026238079438995676,-0.000857390043537236,-0.00014714365202335067
2023-08-31,-0.0024000880659431393,-0.0017266119410143926,-0.0007457488872029727,-0.00011299331682708332
2023-09-01,0.0005122947286928525,0.0010139858458850636,0.0014551957282733805,0.00015777032490125475
2023-09-05,0.001793912071705756,0.0008428233256314124,-0.0007048949155663938,0.00034935712793215284
2023-09-06,-0.0025374248773878958,-0.0031710496101084577,-0.0024960254983078523,-0.00055437202991551
2023-09-07,-0.00041888066711370656,-0.0016264114515098411,-0.002041519381873252,-6.392975793681072e-05
2023-09-08,0.0007198058532395228,-0.0004138226315708146,0.0003704262220907943,-0.0005155823845871345
2023-09-11,0.0025203876939773645,0.0001979429592614612,0.0016866813838261946,-0.0013321599071732836
2023-09-12,0.0011531618757988987,-4.207228834966266e-05,-0.00028261891215213724,0.0012673463473183084
2023-09-13,0.001389506404789047,0.001230347716481615,0.0006330730978648584,-0.0001217989928758094
2023-09-14,-0.0009663519720459383,-0.0017303661532820525,-0.0001821178078084787,0.00017019238121831774
2023-09-15,0.0021420693990997905,-5.719320605437516e-06,-6.648584328256491e-05,9.740982782488407e-05
2023-09-18,0.00032523794869598796,0.00010180549088442848,0.0004592824427335801,-0.0002135959118279531
2023-09-19,-0.0006212344349769629,-0.003951644219268829,-0.003076943452254923,0.0003871330472026319
2023-09-20,-0.0025446976619457494,-0.004636423747837231,-0.003024958728657036,-0.0011338559991435054
2023-09-21,0.0012745898519025073,-0.0008844654425073178,0.0010875112196647167,5.600203142413163e-05
2023-09-22,-0.0022154407893438146,0.0002664472998714099,-0.0006624235822285704,-0.0004682110834964135
2023-09-25,0.00035946153873376376,0.0015428053393784333,0.0024792208192940214,0.0003370725500449932
2023-09-26,-0.0017293785025610019,-0.0011352466731242837,0.00013211495845562917,-0.0007297187175904878
2023-09-27,-0.0025055649431549314,0.0007022353654440736,0.003369759886640227,-3.720397971509017e-08
2023-09-28,0.0007445800815668328,0.004977149053864361,0.003466716242227182,9.005494673696168e-05
2023-09-29,0.002062040359915669,-0.003035777078938105,-0.000873625761382674,-0.00025307735294375234
2023-10-02,0.004910846045954871,0.005676774477912569,0.0038914367447710667,-0.0008402359730895258
2023-10-03,0.0030469451875542518,-0.00019474633904082982,-0.0001876606836320746,-0.0014274700205161768
2023-10-04,-0.0019664183496141863,-0.0024239607610215086,-0.0015901569410585585,-0.001202926466888415
2023-10-05,-0.000885540383509396,0.002984381149840956,0.002244324939791937,0.0009560210406631607
2023-10-06,-0.0008073016042291406,0.00028604794641767014,-0.0015354152860069985,-0.0006154881342849045
2023-10-09,0.0029700544893546776,0.004213526207167107,0.005839482388491984,-4.103851022168749e-05
2023-10-10,0.0012827540568715052,-0.004212629494436891,-0.0020731029733140464,-0.0018849256334560534
2023-10-11,-0.0033673940993407506,-0.004565301216930753,-0.005452904358422775,0.00019854940557261983
2023-10-12,0.0002484165149348306,4.0037915291417565e-05,0.003568337887421137,0.0011730847435756629
2023-10-13,0.0021940659549309236,0.0020112119643068043,0.0015481014867438888,-8.021923669257393e-05
2023-10-16,-0.0017835204886491312,0.0006859179756650172,0.0006586792111635226,-0.00010687138003068826
2023-10-17,0.0006277272648371576,-0.009333530347284947,-0.008889020193129558,-0.0017207917515690166
2023-10-18,-0.0024853535421704145,-0.0016001593747222878,8.820216523864078e-05,0.0004948081004818141
2023-10-19,-0.00048086365943448184,0.00087301407312816,6.680020548584725e-05,0.0007071992138766341
2023-10-20,0.000996231185284728,0.0031076908421360243,0.0016269494377658693,-0.0008086267314102779
2023-10-23,0.0012373209204168997,0.001519093170329418,0.00337861459684365,-6.212882377306988e-05
2023-10-24,0.004128360502877853,-0.0034500207996302876,-0.0036981115915256033,-0.0004354562808779776
2023-10-25,-0.0027055226151390358,0.0022973816437712293,-4.151313810342814e-05,0.0006868982892536885
2023-10-26,0.0029221256296478597,0.0025424061895599364,0.0007821595243410633,-0.0014647139783684241
2023-10-27,0.002111683530709319,-0.0006976920868969024,0.00035085639662622934,-0.0005470050875864672
2023-10-30,0.001082823561233809,0.0012296940038925856,0.0009534564991749411,-0.0009691983896301119
2023-10-31,-0.0022304447085092875,-0.0014266553370923557,0.0010379104283782705,-0.0001984349228150933
2023-11-01,0.005602139207430017,0.006515350571879659,0.004787800451196455,-0.0016827923821323848
2023-11-02,-0.003880772141731899,0.003842852761869224,-0.0006798735386328847,0.0005545964915321286
2023-11-03,0.004752839030932385,-7.31083788455417e-05,-0.002216704339972923,-0.000718731194426923
2023-11-06,-0.002255758166147603,0.00048383075813356903,0.00207469486157214,0.0005582362200909198
2023-11-07,-0.001051082991270502,-0.0025300470799030535,-0.00070384374965291,0.001464000271832934
2023-11-08,-0.0006467824958480374,-0.0040907423833275195,-0.0032679398060136053,-0.000720641475819734
2023-11-09,0.00011124390904942007,-0.0011915247718898838,-0.00027018263652757386,-0.0011417546520029029
2023-11-10,0.00030279855050344547,-0.001539403179501319,0.00025746678402416843,0.0007820858050274826
2023-11-13,0.010745862494583161,0.014368093036584045,0.015449925808865532,-0.00017540529629011194
2023-11-14,-0.005245255353508263,0.00618009669202081,-0.00039945816873246024,-0.000511069738855023
2023-11-15,0.003005018280655518,-0.0035153408214730415,-0.003208753390158681,-0.0008454088265759101
2023-11-16,0.004866239143285645,0.003691548438580585,0.0005782735168699485,0.0003359999919869987
2023-11-17,-0.0004068894369682434,0.00015938284782283788,0.0002738261613607242,0.0005711479414184961
2023-11-20,0.0022921673720069694,-0.002703014816841991,-0.0014791542252268364,0.00042313042586408935
2023-11-21,0.0008398392689728578,0.0009500584833910765,0.00019183131901169472,-0.00016953934821633404
2023-11-22,0.0007747818509205801,0.0008834796435172165,-0.00015945328112663913,-3.089454758402262e-06
2023-11-24,0.0021784335100827738,-0.0010390804027415117,-0.0006933555976896414,0.00027181699934263217
2023-11-27,-0.00022096904646945454,0.0017836687608559453,0.0005893503325826035,-5.842430515596545e-05
2023-11-28,-0.002654595748127014,-0.0004011521877348263,0.0008523301453974227,-0.0003490644879498881
2023-11-29,0.0002449858387015526,-0.0010090050332285014,-0.0006768432122098969,-0.0002509825406194611
2023-11-30,0.003761351584592339,0.002044329541945176,0.003026866522559943,0.0006230293859224704
2023-12-01,-0.004176741833777052,-0.0024842429918752267,-0.0023061057061586655,-0.00033778444735696976
2023-12-04,5.339849453508205e-05,-0.0020998604556261642,-0.0025790767008660458,0.0003285635286768376
2023-12-05,0.0008126523617236122,-0.002733218951052597,0.0015797166026004048,0.0007040524711766407
2023-12-06,-0.000652982809864508,0.0014151785138421132,-0.000356986016391151,0.0005115884969230282
2023-12-07,-0.0018700167980536756,0.0019176425941378524,-6.430391665915571e-05,-0.0007574293229480518
2023-12-08,0.0009331482911382923,-0.0010262302062136626,-0.003321692390524473,0.00039528938260083486
2023-12-11,-0.0025544512749363733,-0.004290316464873377,-0.0041951391372839954,-0.0005165318502557231
2023-12-12,0.0071136561964688745,0.007711362095163845,0.006552294925891816,-0.0001438956214002952
2023-12-13,-0.011469249618235285,0.008156711052425084,-0.0037532819467231914,0.0007087767317860045
2023-12-14,0.0003291821308866732,-0.0017306761169031766,0.0005315431376709502,-0.0002986288984273811
2023-12-15,-0.0011051480683047124,0.0009344551246113718,-0.0006579642885263176,-0.0007521541581639852
2023-12-18,0.002013007217823465,0.0011385713304880194,-0.004148911009726214,0.0006204382677129648
2023-12-19,0.0011143552841191404,-0.0015493549154757724,0.001019733402451969,0.00034086070073813973
2023-12-20,0.0031337737985436516,0.002705292969427561,0.0012501760142779475,-0.00017428451983456355
2023-12-21,-0.00018352597042276648,-0.000283701557196887,0.0003894732118685744,-0.00037634641353447045
2023-12-22,-0.0009204910001889765,0.0003417270876893278,0.0018575678942135982,4.131656683042769e-05
2023-12-26,-0.00022144155063731684,-0.0012292092997853742,-0.0014701314079773348,3.981678620567267e-05
2023-12-27,-0.001026519351021018,-0.0005841905005657166,0.0006999886971168635,-7.927997937802053e-05
2023-12-28,-6.46013871085067e-06,9.801679654721117e-05,0.0007636854926001445,-0.00045004563258020837
2023-12-29,-0.006252527378137437,-0.0011496145536292874,-0.002295759292278988,0.0021028600566805134
2024-01-02,-0.006684105762996412,-0.0038208065504046923,-0.0008680226883980138,0.0003605526632090134
2024-01-03,0.002870141105885493,2.7907045328750623e-06,0.0035761727593510233,0.00045583883037683383
2024-01-04,-0.002256163002686614,0.0011294702446187558,0.0002004041188441075,0.0009073973773615255
2024-01-05,0.000595596085784753,0.0038206773903732344,0.004311684818605332,0.0011517702775746652
2024-01-08,-0.0016076813542900857,-0.0031421247038795983,-0.0013904087872462668,0.00012723813149791196
2024-01-09,-0.0011155589026133944,-0.003174429504662127,-0.0019782095140340804,0.0004056338769680659
2024-01-10,-0.0015352735253905535,-0.0030809644062936323,-0.0015588252589852206,-0.0009578696737780855
2024-01-11,-0.00045383949677378215,-0.002872673400690128,-0.002397632158191998,0.0013626696891788372
2024-01-12,0.0003263215833574558,-0.003411252886564991,-0.0032758020129907434,-0.00026685271420628064
2024-01-16,-0.0010136923223731176,-0.002785166523036903,-0.0027515505272643196,-0.0008107123552698515
2024-01-17,-0.0009094134912157193,-0.0009485057270775502,0.00014105780463565518,-0.0009943233732368096
2024-01-18,-0.002537331985905714,0.0008442323350667903,3.508308908804662e-05,-0.00024184343463263324
2024-01-19,-0.0027075231789591586,-0.0001048734519176659,-0.0009252491628654008,-0.0002726386015086824
2024-01-22,0.003471041089542767,0.003937836076035794,0.003970655900097845,0.0013078702414907428
2024-01-23,-0.0009377355367384628,-0.0009809414677510624,-0.0021862296192882015,-0.0012853843783604021
2024-01-24,0.0012552934526125997,0.0008497583741772109,0.003078062129659639,0.0008333169461569263
2024-01-25,0.0001155988648191505,0.0004594358577989907,-2.1828995378812897e-05,-0.0003270086811721419
2024-01-26,0.0013079937334384622,0.0032709924049994406,4.370667850179754e-06,-0.0009477351453578723
2024-01-29,0.0026191171761631377,-0.0016966410093936528,0.00013737030934725728,-0.0008893187321148294
2024-01-30,-0.00043704849611738084,-0.0004895928923428058,-0.002291555971821061,-0.0006724442049346793
2024-01-31,-0.002335398623196338,-0.004169248542660351,-0.005078375012799074,-0.00033038623335308556
2024-02-01,-0.0003604562481133253,0.000346095243797074,0.0019667090415100273,-0.00020474955644919027
2024-02-02,-0.003507136996298506,-0.0029861333344820317,-0.005018486895536777,0.00017883103836946237
2024-02-05,0.003454289254786828,0.004054958859225578,0.007052628803710467,0.0009471366212563206
2024-02-06,0.0010332979274560886,-0.0034275081535127586,-0.0020749182746907843,-2.3723082386433728e-05
2024-02-07,-0.0008642010241699968,-2.4014169973786705e-05,-0.0002586109695439875,-0.0007254092524033646
2024-02-08,0.0002556585532302653,0.0007426998881759208,-0.00016150183631995178,-0.0006270205384049155
2024-02-09,0.0032257668711412574,0.007527891215799603,0.006133266070390217,-0.0007912075269915556
2024-02-12,0.005697092294766856,-0.0022045948005491233,-7.220336565326473e-05,-9.076861729896414e-05
2024-02-13,0.0023363414337693933,0.0019469680473169423,-0.00881374986369453,-0.0003202368685318211
2024-02-14,0.0017817010757016551,0.0015899534826106913,0.002562783481570422,-0.0002025747506684141
2024-02-15,-0.0010185119207216362,-0.0015126234052534394,0.0005284264227343087,0.000135802490896477
2024-02-16,-0.0006065627285389506,-0.0010939269680979619,-0.0005403697309264382,-0.000459603345554003
2024-02-20,-0.00025609184151852913,-0.0030457827034258713,-5.3152875369573454e-05,0.00043684785364664217
2024-02-21,0.00770823492679462,0.006950776263704508,0.00029224565383917237,0.0007630586378626398
2024-02-22,0.0005780613583188572,-0.0031410546103356383,-0.003977787862293342,-0.0013411109188061477
2024-02-23,0.0008683161977493078,0.0011857058776294956,0.004232672162940213,2.6763843166602545e-05
2024-02-26,0.0011333523757335936,0.003934534141100485,0.0033420059803791224,0.0003608384389855803
2024-02-27,-0.001226314583581682,-0.0011240450030176683,-0.0014068769968438354,-4.8257991572807155e-05
2024-02-28,0.0024897041185434183,0.0034493008762587108,0.005051707632372569,-0.000565236185947913
2024-02-29,-0.0032285305104229893,0.002257752705269719,0.0014248565259880064,0.0009274608445596452
2024-03-01,-0.001598444029005791,-0.0015778983499787963,-0.0041758939301968605,0.00024581169764675576
2024-03-04,-0.0010314604888570964,0.0008327898689323907,-0.0034917912436360095,-0.0006693267939715652
2024-03-05,0.002425490804838362,-0.00028690654911334265,-0.006674062095038275,-0.0013386539143800304
2024-03-06,-0.0031705891287687527,0.0014147056683828135,-0.0007149897881772914,-0.00012543959042757692
2024-03-07,0.004567935482310949,0.0012726897932513236,0.002618851802010615,-6.647463623772307e-05
2024-03-08,-0.0037377941214360704,-6.718893457926875e-05,-0.004191542663497275,0.0005091808180615625
2024-03-11,0.0045549177971114145,-0.0010461149934325115,-0.0006660201157769812,-0.001362524364575855
2024-03-12,0.0017920589554287808,-0.0003662955351012796,-0.002258490651167624,-0.001110399631045137
2024-03-13,-0.0020322340785982893,-0.004626598298315011,-0.0033452223402905775,-0.0002269598975040933
2024-03-14,0.0011595601438830604,0.002090449269015745,0.0017460923447436463,0.0008615225846310216
2024-03-15,0.0013928198998464669,-4.4605131683087e-05,0.0005594652786974676,0.0005274639491595692
2024-03-18,0.0008293957054672453,-0.0014517585936464786,0.000682042898222437,-0.00044248359676261233
2024-03-19,0.0032598229980241498,0.0038135588865420254,0.004022721976003191,0.0001984234113203776
2024-03-20,-0.00409167079777108,-0.0010339074432049473,-0.003136566722753454,0.00028608276079091454
2024-03-21,0.0019556218664300916,-0.0021715756210397,0.0004901552143255362,0.0003475277529864523
2024-03-22,-0.00010739927866190867,0.0014540910961130548,0.002075607267284203,-1.607732852089229e-05
2024-03-25,0.0008492384141528996,-0.0004015355770869719,0.0012668127718592143,-0.0002115094796395495
2024-03-26,0.004881941909698802,0.005806394279886044,0.003419486220048098,-0.001147687062340108
2024-03-27,-0.0022717167801392544,0.0011970659765988525,-0.0010434143109691095,0.00016933547584721165
2024-03-28,0.0011758821754294323,0.0009571998376028931,-0.0003940997238820303,-0.00070015695336699
2024-04-01,-0.0016220805580641833,-0.003115548207533397,-0.002850794122758174,-0.0001240790014451645
2024-04-02,0.0005442531464172162,0.00040756908832338624,0.0005929267752631873,0.0013720895650012853
2024-04-03,0.0028959729871338553,0.0006416804372820498,-0.0005978142259895718,-0.000987800292157547
2024-04-04,0.0029409654168508167,-0.0014239459724037797,-0.000578366794199841,-0.00027559962039861596
2024-04-05,0.00199195162049598,0.002980770181709548,0.001484271034358422,-0.0001137104193126439
2024-04-08,-0.0035076120934094475,0.0018966686125698837,-9.846595359355177e-05,-0.00042785153865620035
2024-04-09,0.008047579448999262,-0.002379282989755076,-0.0018860478656952163,3.018039398988207e-05
2024-04-10,0.0013132974964418756,0.0032340985581973663,0.0036504960789805357,0.0005052055982670711
2024-04-11,0.0053338075670912805,-0.0017070212896480648,0.0004743449900044896,0.00066230829481382
2024-04-12,-0.002380080261342885,-0.0027082989663083086,-0.0008907377643143368,0.0005696409654453518
2024-04-15,0.0002960390391829896,-0.0004270451754962878,0.0020587435217333553,-0.0006792151918606425
2024-04-16,0.004235211648449614,-0.002169250704559894,-0.0012108281943749176,-0.0004403074076539487
2024-04-17,-0.005802848494690428,-0.004375364840343096,0.0020697256541601715,-0.0007805302414790966
2024-04-18,-0.007555866281916968,-0.007464049378105849,-0.001309715454297679,-0.0002925281661686679
2024-04-19,0.0013886942622329482,0.001329688650037688,0.001871975691461844,-0.00014183741332316402
2024-04-22,-0.00366254156686848,0.006028152712966196,0.006233599498853913,-0.0014675857376045551
2024-04-23,-0.00024966445600448935,0.00014803604454449279,0.00079021600079533,0.00017867503452382726
2024-04-24,-0.0011976205817687867,0.0004975045101435579,0.0005944875003868633,0.0006265384400450975
2024-04-25,-0.0010136003955651199,-0.0020132259319041103,0.0026528003814655014,-0.0011501802063839514
2024-04-26,0.001018182496621949,-0.0011455847845903927,-0.0005028735998656423,0.0005141722767999228
2024-04-29,-0.000399337844519463,-0.003112963006908316,-0.00423273589663243,8.709127441323402e-05
2024-04-30,-0.0005802858068498968,0.0007556757872924986,0.004709335550213125,-0.002512592428501221
2024-05-01,-0.000295818426010459,0.0048279607079492965,0.002806790886212428,-8.11629677570053e-05
2024-05-02,-0.0008049772753919514,0.0027512181894272718,0.0010463595064080047,0.0005280918527688485
2024-05-03,-0.0013427663800829855,0.001888573154270904,0.005569548750991866,-0.0004293461393372854
2024-05-06,0.005364809773624648,0.0025924572826481786,0.002059534093962322,0.0012485894498674049
2024-05-07,0.001202390174970796,6.831367983731277e-05,-0.00038494381875246367,-0.0003223284906115012
2024-05-08,0.0030733186971922664,0.0024314497978167745,0.001975412703480817,-0.00016882546392026982
2024-05-09,-0.00032851473396355456,-0.001172244272153615,-0.002065221237146243,0.000644369254884919
2024-05-10,0.0021801981883201485,0.0020811478543421775,0.0031412662962273055,0.0005411944995496308
2024-05-13,0.0005128377864369663,0.0025518071727371598,0.0031792162817651775,0.0008592189297899164
2024-05-14,-0.004761073788859876,0.0020597106541990376,-0.002222136469267615,0.00013834206481133838
2024-05-15,0.005131934619476921,-0.0007656841151859401,0.0027365549011878917,0.000932631918952439
2024-05-16,0.0009138923355354913,-0.0006362802650088211,0.0014733997858425482,-0.00010604520759692967
2024-05-17,0.00027123882332104836,-0.0011073283060533926,-0.003718052082570597,0.00012282833336627898
2024-05-20,0.0012112888456814986,-0.0011952403563556073,-0.0010201691133662314,0.00021464923234213747
2024-05-21,-0.000706835230436118,-0.0014458209633433946,-0.002328859776188827,-0.00015990656302314958
2024-05-22,-0.0003159303785382242,-0.0008312914433073718,0.0007406793889143969,0.00036442234589814773
2024-05-23,-0.002189863412321664,0.001446963018986394,0.001699828238289168,-0.0008072068470186321
2024-05-24,-0.002673484327518225,0.003061199821345357,0.0016366074510372039,9.086583732937986e-05
2024-05-28,0.000449781446660294,-0.0010141037340606843,0.0005441563286212284,-0.0008087775808761274
2024-05-29,0.002123850311687021,-0.001498295831107143,0.0012025008758362486,-6.379420309260584e-05
2024-05-30,-0.004274995568850769,-0.0019791576274871834,-0.0013042975106236636,0.00022334607543420478
2024-05-31,0.00031789978722190747,-0.0008493313147768481,0.0015252488845423104,6.792262198833024e-06
2024-06-03,-0.0036361050081875888,-0.0036352840910729525,-0.0035189397794284263,0.0010076874662592362
2024-06-04,0.00384791539087068,0.00913256504886251,0.005747705641386127,-8.359520254693203e-05
2024-06-05,0.003647338939486317,-0.001286526056526686,-0.002280152381733249,-0.0004107386033744265
2024-06-06,-0.0002165334962940207,0.0001785209749130805,0.000693393607690853,-0.00021934748614147598
2024-06-07,0.001037177249128394,0.0012115208073678189,-0.0019061572885778928,-9.14185768159326e-05
2024-06-10,-0.001062000110733417,0.0007703357490244394,-0.002576447390238157,-7.11963377779669e-05
2024-06-11,5.170849176191819e-05,0.0037705429607860215,0.002076286941204544,-0.0003376078588501392
2024-06-12,-0.0013103090757060286,-0.001699851366249971,-0.0015697604390967604,-0.0006552959249286672
2024-06-13,-0.0014394988388332862,-0.0021991983792979553,-0.00124560296656292,0.0007589860143201551
2024-06-14,0.000931670788103663,0.0005140174486106955,0.0006806182377703299,0.0024514229989036638
2024-06-17,-0.00204449213252201,-0.001798605582114679,-0.002146881210530787,0.002294478342781907
2024-06-18,0.004316793633393947,-0.0002972314270169113,0.00013972418409643586,0.0001029196504108205
2024-06-20,-0.0005119909296909961,0.0015532052030511675,-0.0014333454336689525,-0.0008558360724862712
2024-06-21,0.0018065790035474397,-0.0009439975913000518,0.0017052193614702457,-0.00029123857111012916
2024-06-24,0.003964304655893184,0.003655689823452964,0.0020471756927174104,0.0004834265682849304
2024-06-25,0.001542415291153222,-4.5104950578157265e-05,0.00022888950603218,0.00012092587296506536
2024-06-26,0.00020377084554732658,0.0012352602775900496,-0.0005867580447291926,0.0009700378173983528
2024-06-27,0.00010650983299963568,0.0022940265254270623,0.0015785403647911097,-0.0009224114760449263
2024-06-28,-0.00015195445758730758,-0.00035183592122929483,0.00020129089936010838,0.0010686442602549128
2024-07-01,-0.0005199624889837631,-0.0005741816370007495,-0.0009805082056742718,0.000230592948416628
2024-07-02,-0.0006051995377309231,0.0031150728043474723,0.002123418682478996,-0.00042959116811801663
2024-07-03,0.002526220921603482,-0.0018263779357405388,-0.002575808096035095,0.00040200649680530187
2024-07-05,0.0029424242359425935,0.0019943644214913034,0.0023520000868550296,-0.00011829108716838606
2024-07-08,-0.0008288967465949297,-0.0006198264662793888,-0.002157703368097064,-0.00025235039111852015
2024-07-09,0.00044355857689079147,0.00017044449735029464,0.0015789858317444131,0.0001361552053194603
2024-07-10,-0.0009194938029302678,0.0022514855603414483,0.003586349444223414,0.0012695117798533107
2024-07-11,-0.0017836907106251586,0.0012315934648688606,-0.001524876552764929,0.0005065061507026347
2024-07-12,-0.001318057856810329,-0.0017073426077479571,-0.002422577773654278,0.0006509552302579014
2024-07-15,-0.0004130488184668085,0.0005325572226217336,-0.0001249892929831129,-0.0009723645997065714
2024-07-16,0.0008072484859384382,-0.0020329663805364775,0.0010952296859315254,-0.0002567648142543183
2024-07-17,-0.0010829323161879283,0.0004203141094453427,-0.0005285020274469792,0.0002823754601538523
2024-07-18,0.0032922242263159597,0.003106750152857254,0.002694756020663466,-0.00010633976271951375
2024-07-19,0.0022804593158390132,0.004415998362268662,0.005284829003367869,-0.00021906299463791073
2024-07-22,-0.0003470980646780899,-0.0011938325273934034,0.0007208849835287992,-2.894799513728824e-05
2024-07-23,0.004603614374661908,0.003437794674531327,-0.003810736152388665,0.0005343093998814678
2024-07-24,-0.0038893506634229483,-0.0016031470881875207,-0.005575623127392149,-6.22336098219949e-05
2024-07-25,2.495642518830029e-05,0.0008473847129553232,0.0020621528665421955,-0.001919366344401156
2024-07-26,0.000498451024274806,0.0006419837377782278,1.846161529111849e-05,0.0005325018270844706
2024-07-29,-0.002283277582041939,-0.009348268384385648,-0.011687146311658951,0.0018714576775553527
2024-07-30,0.011484689978995762,0.011913265980928626,0.007558966592393976,0.0008702539414126104
2024-07-31,0.01024102558001823,-0.010183773307345857,-0.016558097925019617,0.00031538123752025926
2024-08-01,-0.01866581875284587,-0.01558166088405207,-0.017303359315058428,-0.0013722148843426706
2024-08-02,-0.0009262923057391055,0.0008902471641147395,0.0010090647171956647,0.0002446706070654838
2024-08-05,0.00036945980848132614,0.0036133601216755806,0.004277101592243635,-0.001549626807497611
2024-08-06,0.0021560096255068117,-0.006332611290528953,-0.003280661636203382,2.1348228373687545e-05
2024-08-07,0.008541229337943664,0.012004680070458587,0.014305140990751732,-0.00019482874628155318
2024-08-08,-0.0006199155108505769,-0.0016974539322095422,0.00011778097742583631,-8.948957871089048e-05
2024-08-09,0.0013288415595432382,0.0011000914400724306,0.0005617389207122649,-0.0007208350974350968
2024-08-12,0.0035798258896723536,0.0069803842167878265,-0.004891161204426326,-0.0014394043443375672
2024-08-13,0.0023744745340158312,-0.0027786629748271065,0.0009574026446580218,-0.0003418194026091905
2024-08-14,0.005815079707337773,0.008653973897603013,0.012553372097945319,0.0004346698918479992
2024-08-15,0.001554558032795489,0.0006613359579419909,-0.000329194754362036,0.00013611962605857055
2024-08-16,0.00041862910918409347,0.0013574904641866364,0.0027943361737700835,0.00033415355537427636
2024-08-19,0.0013490354418156801,-0.0005908228082209877,-0.004766573097232233,-0.0001242094145587323
2024-08-20,0.0014380821619222374,0.002972293562022858,0.002320749487084119,-4.147350124514274e-05
2024-08-21,0.002782442796250521,-0.004219236224509284,0.00042004084686132753,0.0004107770972635846
2024-08-22,0.0033261487151474128,0.006368270701062408,0.0002554201043562911,-0.00011136590711649096
2024-08-23,0.0024216847470184947,-0.0025014211824338937,-0.0015822224534997747,0.00022129761303393364
2024-08-26,-0.00023779197509323126,-0.001051604004009537,-0.0007538931780993784,-0.00034012255087320154
2024-08-27,0.0002269038660021673,-0.0041088603963492275,-0.005177780234983012,-8.960176254224395e-05
2024-08-28,0.0008212113885324528,0.0005022973911974698,-9.604351339911134e-05,0.0003975347250737785
2024-08-29,0.0002176633284620381,0.00070386821851321,0.0017692660076270056,-0.000607218572074683
2024-08-30,0.008345033261079507,-0.0041188471626531584,-0.008590775832712292,-0.00269267934286174
2024-09-03,-0.0013153784937429479,-0.0013549252172789575,-0.0025982829740509384,-0.00029440471050383416
2024-09-04,-0.00015900722365499618,0.002206527034367896,0.0006671037771478898,0.00037922971705880277
2024-09-05,8.085030758209013e-05,-0.004927242229244976,-0.006923678100962548,0.0007716881156939492
2024-09-06,0.001109163383161169,0.0010358358130934696,0.003185343161510129,0.00012853021192695143
2024-09-09,-0.0016285334602405513,-0.003366428232009541,-0.001804190481970527,0.00018549428985283569
2024-09-10,-0.0034171226378923625,0.005885877080199165,0.010480011819761235,0.00021069749162189692
2024-09-11,-0.001259026663347374,0.0008014977160976005,0.0010958157825222302,0.0004560634918664517
2024-09-12,-0.001885081968151467,0.001285143504449293,0.00048137721264124913,-8.774561119078886e-05
2024-09-13,0.0006955820822102383,0.000579714676985023,0.0006153444887870961,-5.430300741293451e-05
2024-09-16,-0.0025306380344428687,-1.996487018798875e-05,-0.0016960240595491514,0.0006604396340427279
2024-09-17,-0.0013392974475232872,-0.0008022435597902665,4.705837698196981e-05,-0.0002457793446400107
2024-09-18,-0.0018845948880785396,0.004049570149874245,0.003321375722715908,-0.0006446198614020205
2024-09-19,0.0030969625487036194,0.0006716522902049617,0.0031868589348948715,0.0011637209864676487
2024-09-20,-0.0008134224624893984,0.0005760693094131161,-0.001342554371747227,-8.067195110381581e-05
2024-09-23,-0.0014637726564408855,0.0003848157863765237,0.0015126211744574808,0.0011353481670800128
2024-09-24,-0.0006051388988710835,-0.0039220174324472185,-0.003623329521749187,0.0011390027626925338
2024-09-25,0.002489273376981061,0.0080595974081551,0.007373382512326055,0.0013303059783371447
2024-09-26,0.0017585086890027062,0.004460198220046599,0.005087946358435993,-0.00037040524399055294
2024-09-27,0.0010992486642372225,-0.00195540396710013,-0.0009177529248648117,6.380505898126376e-06
2024-09-30,-0.0016235373562610142,-0.0019401612840201964,-0.0014065400734123636,0.0007212769180223344
2024-10-01,0.0015682680157292337,0.0025016736844351477,4.3661625314348046e-05,0.00022520235102177046
2024-10-02,-0.0038234501061119646,-0.0010746139692192679,-0.0016625139809496022,0.0011513330879524234
2024-10-03,-0.0026258510034984413,0.002806198951053252,0.001025665772801263,-0.0004938816901730277
2024-10-04,0.0004295596059967032,0.0007562668458130646,0.0005502402415301044,0.00021421219414220882
2024-10-07,0.0035853783735167446,0.00011975803765547408,-5.264951509511813e-05,-0.00021015323001847592
2024-10-08,-0.002092784100250365,-0.0011616114387365151,-0.0008671644649935034,-0.0006291775569152338
2024-10-09,0.0002244438865981387,0.002108858057526319,0.0015752673353896874,0.00010184179190248215
2024-10-10,0.0008678005776913039,0.0020185226048364457,0.003076539410371363,-0.000630082587942144
2024-10-11,-0.0005578153207126325,0.0005024254858467069,0.0016749624022289278,0.00021004618649101385
2024-10-14,-0.0009502985408343195,-0.0021177104696724325,-0.0008803687807283715,0.0018100494978712477
2024-10-15,-0.0004554613369196708,-0.0014005936904930754,-0.002490572154010322,0.0008487803381839306
2024-10-16,0.0009095149544990017,-0.00042187606706193994,-0.0016611669575400771,2.9726167255054255e-05
2024-10-17,0.0026947692245398885,-0.000454727017450777,-0.0002549225859787492,0.0009825128748197282
2024-10-18,0.0010827238385118726,-0.0001733873648564987,0.00035485470008254417,-0.0009474543999944656
2024-10-21,0.0011708459738040793,0.0030826789404223547,0.0006563813480296823,-0.000591841560188146
2024-10-22,0.0007694246830789578,-0.00149704722943517,-0.002197271024005887,0.0009357601705190888
2024-10-23,0.0020367913288410894,0.003454105926066622,0.0026520130884299126,0.0009436562631570423
2024-10-24,-0.001395877720717361,0.002793835934065157,0.002768105482858699,0.0007853986263262068
2024-10-25,0.0017504702342731912,0.0003623599717167085,0.001340176298291217,-0.0003891410872350194
2024-10-28,0.000197455271281124,-0.0008644846447846674,0.0030997964477967404,0.0017082097785264183
2024-10-29,0.003118686344599901,0.001199046785723455,-0.00018070185473222918,-0.00164116566751428
2024-10-30,-0.0029375352501431434,-0.00046455598747281474,-0.0019044981623808205,-0.001563959074393804
2024-10-31,0.004661909751497505,0.0005870097402750119,0.00011330144118032713,-0.0006409673053631982
2024-11-01,0.0018840367301398767,0.000617727523189671,0.001873581693303197,0.0010937508981598528
2024-11-04,0.00115898152925382,0.0014889097812473418,0.002778372157521394,-0.0005450145784073991
2024-11-05,-0.009518640883033705,-0.00734150973876348,-0.010180953391771169,-0.0029780345832221377
2024-11-06,0.008495413964622278,0.0010569820911200667,0.0006397015088229223,-0.0011884958986273164
2024-11-07,-0.0007903456221154306,-0.007166633198232982,-0.006557131148237416,-0.0011978800493638291
2024-11-08,-0.003117405086062587,-0.0037730894938105327,-0.008950749603109563,-0.000759786283528358
2024-11-11,-0.0022036458956602406,-0.002484438315996001,0.0006278262526728595,0.00021870446173246299
2024-11-12,-0.0010157893287623333,-0.0031217011679263796,-0.001242780801784001,-0.00034224513024797725
2024-11-13,0.00035410892276546886,0.0012668828088927895,0.002616447826421483,-0.001223234160855614
2024-11-14,-0.0018340569698789583,-0.002786408461226833,-0.00622293451140545,-0.00030312143641305457
2024-11-15,-0.0023922543963871066,0.0016558022446124384,0.0006446077245137252,-0.00017107716553316693
2024-11-18,-0.002435502321913154,0.0009071305717502333,-0.0006495663905112658,-0.000249365593541631
2024-11-19,0.0006233414515430667,0.0034972273407496285,0.004653054502273693,-0.0004524180688935178
2024-11-20,-0.0006192372756150121,0.0005318238765580476,0.0013090318745994423,0.00010358954916091896
2024-11-21,-0.0010235654105238542,0.0015716658483585079,0.0006240020058328739,0.0011329611456862639
2024-11-22,-0.004153279200572622,0.0027281325306261687,-0.005589150404419276,-0.0001428108153778092
2024-11-25,0.006681170141561352,0.002044847527406706,0.00048057444822365827,0.0012780895619446428
2024-11-26,0.0028085636796992093,-6.794745094362545e-05,-0.0012826788057917142,-0.0010713971294701648
2024-11-27,0.003435775220419307,0.0033612461205283985,0.0026160888395455363,0.00022123025772551524
2024-11-29,-0.003293978506668697,0.00479760074928513,0.004936669099556916,0.0015926305702073386
2024-12-02,0.0003416657493373711,-0.0019937540975051918,-0.0025902445416921076,0.00015069955879804477
2024-12-03,-0.004793044375974494,-0.0019318524063306015,-0.0013307119674069031,-0.00016663710761309673
2024-12-04,0.0006063106357469215,0.0005287937674184454,0.002977948325722056,-0.0011798478815343199
2024-12-05,0.002200449861504778,-0.0009508281609232961,-0.000981234953485772,-0.0005369050310398779
2024-12-06,0.001623776362874536,0.0108958693996401,0.008303758908921108,0.0007714895017319364
2024-12-09,0.001163767687412096,-0.00460897937569927,-0.004933906373454444,-0.0008607780963329111
2024-12-10,0.0021895636055451065,0.0016675844026758577,-0.0026357644644248194,7.363072348118195e-06
2024-12-11,0.0013029637952388232,-0.001420653005510716,0.0001268538535541542,0.0004916142634751711
2024-12-12,0.00039078189176422446,0.0013396032931164079,0.0014918483037392161,0.001140577116487058
2024-12-13,-0.0016412398255289317,-0.00403930175071925,-0.00655826015550894,-0.0009303028519742275
2024-12-16,0.0026073479713367344,0.0013039893347867142,0.0022512346297103147,-0.0002961645115331777
2024-12-17,-0.0029520536370362884,-0.0008940464225098098,-0.0010413517853077158,0.00164961680006809
2024-12-18,-0.00013735686126563497,-0.005069269610994933,-0.0005128469962258428,-0.0010006137793831264
2024-12-19,-0.0007953902160379438,0.002073640787430687,0.0009680248876823912,0.0003398556349965816
2024-12-20,-0.00015148423206708334,0.0021847076160609927,-0.001634419775406723,0.0005378766777920982
2024-12-23,-0.0003020909642541702,-0.0004796386036820892,-0.0008345742200943607,-0.00019018812234866203
2024-12-24,0.00037231591174840856,0.00034345120469005233,0.0008458256152670801,-0.00032422145196140116
2024-12-26,-0.0002458175853561557,-0.0002684521172981957,-0.0011406465898490983,-0.00032875145384641304
2024-12-27,-0.0019277602283448577,-0.0011268217584124037,0.0023957064237732435,-4.3473847066029006e-06
2024-12-30,-0.0011611965484689866,-0.0026408386162586513,-0.00232985626474136,-0.00033148214081663593
2024-12-31,0.0035805738664918853,0.0036197050323817756,0.0018066391683307242,-0.0016057861455496293
2025-01-02,-0.002970663190916115,0.006809733179010575,0.004038652608747355,0.0007854167617510094
2025-01-03,-0.005247505030335645,0.009556397524584781,-0.00563386673697512,0.0016434101607831575
2025-01-06,0.0013326482091851072,-0.0003902842883561214,0.004917154518815615,0.00039639815010038813
2025-01-07,-0.001525708155884664,-0.0017327300548637752,0.0014274368735851116,-3.0063203871495847e-05
2025-01-08,0.0004692365187640107,-0.0014430010987170657,-0.001226540599980118,-3.951641756825647e-05
2025-01-10,-0.0006491928117759534,-0.001984962411465181,-0.00025538663348090475,0.0006741185473876337
2025-01-13,0.000726880084885118,0.0009691710442760742,0.00153092698998687,-0.0004169433678689652
2025-01-14,-0.005113423292275628,0.004343746370804047,0.003817703908172289,-0.0002066083823871295
2025-01-15,0.0014128221551508895,-0.0008410796804112751,0.0011710453636169492,0.0010193556031326161
2025-01-16,0.0025753069719366573,0.001258592466743959,0.004311024052951427,-0.0008127129914932546
2025-01-17,0.00044657792156919425,0.0012840566862365968,-0.0010577508434901446,-2.6963244640392687e-05
2025-01-21,-0.00583392794373464,-0.00031031245795043504,0.0015247912392342656,0.0005191691221741513
2025-01-22,-0.0013218143562060945,-0.0010874695515012437,-0.0005336315866783263,-0.0005313943596558876
2025-01-23,0.002163067386929299,0.0012517726206130071,0.0005792382723243816,-0.0007375983285884192
2025-01-24,-0.010115588109707646,-0.00527781311340274,-0.0006314171782331589,0.0011517727936734756
2025-01-27,0.009603445079658041,0.0009743422804626945,0.008269494728726894,-0.00162146689008699
2025-01-28,-0.000832207386152395,-0.0005830963192719837,0.0017185311671233257,-0.001287316507866236
2025-01-29,-0.001970578632011376,-0.000576898800836719,0.005816065681415799,-5.379325314429894e-05
2025-01-30,0.0007652401644433694,0.00046719855035937444,0.002031731296351891,-0.00017158269996492745
2025-01-31,-0.0022384750810371516,-0.005180713259737429,-0.004825951914586902,0.0003507572558709548
2025-02-03,0.0022151126001054163,0.002102649510667075,0.002438381930948389,-0.002788480326320648
2025-02-04,0.0015488509182131705,-0.000952737731203871,0.0019286334932957633,0.001067588917241496
2025-02-05,-0.0021137011646996597,0.00026153826755276907,0.001888261268495985,-0.0003419299055819117
2025-02-06,-8.486000281079875e-05,0.0007602815298601226,0.0005525864260577196,0.0014354015708820686
2025-02-07,-0.002029742577024063,0.0008206209538271259,-0.003944232917936885,0.0012099489913444696
2025-02-10,-0.0009053926187187094,-0.003505766285723077,-0.0037425554103648873,0.0002669253932564529
2025-02-11,-8.84749059249784e-05,0.0006952837045747069,-0.001637221317746651,0.00020097200824342368
2025-02-12,-0.0006784845357841883,-0.0009546298690755696,-0.0009075406279508874,-0.0015749216996095963
2025-02-13,0.00010296074555574396,0.002630772127337481,0.001840701901350668,-0.0004635481457294424
2025-02-14,-0.001198963256238532,0.0029614192132359,0.0025601506357799853,-0.0016754159449878087
2025-02-18,0.0005826513169666659,-0.001317446741571208,0.0013660201919224342,0.0004224752469733024
2025-02-19,-0.0027933210380652086,-0.00037283609920189847,-0.00031699361184595,-0.0010969238466013377
2025-02-20,-0.012035931245115088,-0.011310838788215179,-0.008523177548213898,0.0010704413349878676
2025-02-21,-0.008700255917073638,-0.008036848586223678,-0.0018091590755543307,-0.00022765849152267493
2025-02-24,-0.006507945298906013,-0.008809110309036106,-0.006558778905355149,0.0013943187410861764
2025-02-25,0.008442801612274242,0.013388416264952022,0.011707063259922868,-0.0014232481982941066
2025-02-26,0.011353406059359451,-0.012040853319087911,0.000594106917548288,0.0009794405933664632
2025-02-27,-0.0019042758860969198,-0.001655470362640882,-0.0013954365216521985,0.0007442569861488181
2025-02-28,0.00034002666038281554,-0.005488249211619122,0.0031081267012456042,-0.0007153517924232105
2025-03-03,-0.0005381083838745016,0.00504026195614663,0.006286268154619638,0.0004680629409132909
2025-03-04,-0.0007413162049932085,0.006606201565459032,0.005630678626866137,0.0004391188543560584
2025-03-05,0.002585233545348968,-0.006959395300414877,-0.004825588392694365,0.00034352690458582425
2025-03-06,-0.007656280958760341,-0.005477884841964712,-0.0011821890710844137,0.0007328464981867679
2025-03-07,-0.008200464652326519,-0.01601703068111895,-0.010920093686201168,0.0009988754443155893
2025-03-10,0.01163420626575506,0.01580224749089013,0.017959981245903308,0.00026029627542747567
2025-03-11,-0.011176918089155457,0.010766417358187058,0.01551973541266453,0.0005100327755870007
2025-03-12,0.008498501221569584,-0.006045084700261082,-0.0030867287763849554,-0.0012498729344726407
2025-03-13,0.007867053416830637,0.005980981386015782,0.010849235400030405,0.0002919833544852489
2025-03-14,-0.0009511947611952476,0.0011013751383123051,0.004074937381841602,0.0007114081296479679
2025-03-17,0.0020686075708395936,-0.0035863191813868254,-0.009024671186412637,0.00026143272487545266
2025-03-18,0.00607500342688581,0.006084445290855058,0.0008842955178370844,0.0007016900785618238
2025-03-19,-0.0011519139290293965,-0.0013420574505648695,-0.002334286225988371,0.0001854034263803242
2025-03-20,-9.454767782276538e-05,0.002632934847163313,0.0017292942822576542,0.0009847919390152688
2025-03-21,-0.0005776001774813485,0.005522378905630366,0.006899560982155245,0.0005357012527455307
2025-03-24,-0.002791273641906735,-0.0004998755351067729,9.159887632633984e-05,0.00046474555819613344
2025-03-25,0.0027644480060428087,-0.005265614354728925,0.0023403600129773437,0.0005258293179676278
2025-03-26,-0.009413367448193275,-0.007886388992527768,-0.002497765278602468,0.0007762610190428083
2025-03-27,-0.006922254689961854,-0.008900453810674464,-0.009949663661540462,-2.6105713177733613e-05
2025-03-28,-0.004071853341950963,-0.006366453090384236,-0.005305969840783944,0.0003352557875421727
2025-03-31,0.0023809254750552064,0.004058300654200384,0.002095858890700254,-0.00041371863998612994
2025-04-01,-0.0023247487734675823,0.008369194977668021,0.008003566595356986,0.00020925053699600074
2025-04-02,0.03192314070647781,-0.022752171575302856,-0.027516022991318508,-0.0027748042113437356
2025-04-03,-0.005843959609561415,-0.003152047472708378,-0.008978943815001646,0.0006895384619897834
2025-04-04,0.009441973923997855,0.013862257203618245,0.015484901147859656,0.0008839214243347575
2025-04-07,-0.0013765951842771818,-0.006333474262529053,0.007087046549176475,0.001031767199644228
2025-04-08,0.017609191563923623,0.048053520335053446,-0.049878421901342035,0.005298099691375572
2025-04-09,0.027888236244144445,-0.018225070738327,-0.0072950416581247166,0.0003617136790181471
2025-04-10,-0.0007469631769361448,0.0009098808704030393,-0.0011480447806246367,0.0008668933749870607
2025-04-11,0.0017149857718143917,0.0003302823057173219,0.00271228000690001,0.0005742503759943451
2025-04-14,0.0022983758523105278,0.004144489021408261,-0.0005862988215422454,-0.000291003891082886
2025-04-15,0.001670385326904921,-0.004730761307232001,-7.960112093177177e-05,0.0001585955656760826
2025-04-16,-0.0016065569381438498,-0.0014228319954356942,0.0003629787613115731,-0.0006819557208706022
2025-04-17,-0.005350598253348813,-0.0026942365136549506,-0.004773511447663247,-0.0010941264078168063
2025-04-21,0.004142361543510692,0.005074917939534896,0.0055630042479064895,0.0007058811669233909
2025-04-22,-0.0050603382983436165,0.011166877252437918,0.011270500903524902,-0.002504077206900375
2025-04-23,-0.015208130402430348,0.010488556542568347,-0.013020264596185731,-0.0004045882846151427
2025-04-24,-0.004933844063261176,0.00017368154243823896,-0.00021578528451867869,-0.0004582368334019413
2025-04-25,0.0011695407080711965,0.0004084153097516588,0.0015304754443510556,0.00045204756916229874
2025-04-28,0.000904472725817707,-0.0006910676028012466,-9.255668577913689e-05,-0.00014161439910884531
2025-04-29,-0.0020385472934474915,-0.0015030153613992568,-0.002350581496987323,-3.1602862259499065e-05
2025-04-30,0.00489822342900596,0.0034929487744190615,0.003677078935699142,-0.0001415741582929639
2025-05-01,-0.0027724302874772887,0.006441535379164481,0.0017431473300235502,-0.0009966028274786237
2025-05-02,0.0001349648534684358,-0.0034946335558448277,-0.0017510289450815622,-0.00019784053221811695
2025-05-05,-0.0017326474935324184,-0.002945626098776483,-0.0038268809371229348,0.0005127910079847234
2025-05-06,0.0011530460136351549,0.0019777110475692567,0.002616683561759085,-0.0009038853459322324
2025-05-07,-0.0010129874468630211,0.00832793554629261,0.009732841605099862,0.00029345704689453253
2025-05-08,-0.0007637252527443984,-0.0005281194312451631,9.635592231732956e-05,-0.0003069713141920538
2025-05-09,0.002684738405656169,0.016198882394407494,0.01846033741031376,0.0008832813274316331
2025-05-12,-0.011071384314777511,-0.006386067734708891,0.006077218857093866,-0.0010281575196980795
2025-05-13,-0.0049401338139580964,-0.003056608528906503,0.0005593980252921045,0.0009943748233508787
2025-05-14,0.003927580845554027,0.004772179720841893,0.010211849099723376,-0.00041458705174809345
2025-05-15,-0.001521840917325388,0.0025028785352296454,0.0013563775504250412,0.00010428607451479849
2025-05-16,-0.00216974334298833,-0.003080609703070825,-0.0006449923311908053,0.00028045763613867756
2025-05-19,-0.002453010044879772,-0.0019872501861413774,-0.0032562144441013394,0.0003124424662211686
2025-05-20,-0.0032882022331926033,-0.006563690021243286,-0.0038626915258202143,3.646465779388058e-05
2025-05-21,0.0021630642698330644,0.002142137539726638,0.004563893743482892,9.295142679674633e-06
2025-05-22,0.002048858544045571,-0.0022149823098675265,-0.0013743244342594798,0.000767193955473149
2025-05-23,0.005724282136478009,0.006416003030169677,0.007255701408656625,8.30027222088642e-05
2025-05-27,0.0001489999538617588,-0.00022494400758672244,0.0011065949755940145,0.00016418223808594763
2025-05-28,0.002529310760794209,0.0018098145251563692,0.0023549243502743993,1.7624926687614535e-05
2025-05-29,0.0013025710285744715,-0.002557360712223671,-0.0005402874741846887,-0.00041301600475443403
2025-05-30,-0.0012372743350632176,-6.938917904285154e-05,-0.002007163869816501,0.00015484947005520673
2025-06-02,6.312485910356468e-05,0.007150119808615726,0.004664589576264223,0.00040985452594931727
2025-06-03,-0.002472369998721602,0.002004673868105478,0.0011135900807223622,4.5343279486756915e-05
2025-06-04,-0.0007292321794780926,-0.002272338987428669,-0.0021394744086397403,-0.00016989301813604768
2025-06-05,0.001286351479537103,0.0007940496514058285,0.00013077425860924454,0.000661077278235459
2025-06-06,-0.003192646620850944,-0.001195353673094534,-0.00016138899819180682,-5.152637820229867e-06
2025-06-09,-0.007319866097794416,4.968832032308039e-05,-0.0017998069940251122,-0.00041181775306451367
2025-06-10,0.0017149916987234306,0.0008238389663956187,0.000534408830411813,-0.0006842567581370131
2025-06-11,-0.0010773080292391583,0.0010981086617308142,-0.0010349415502484572,-0.00036452788716752284
2025-06-12,-0.004733069245646737,-0.0025708461898260463,-0.0038851161032406713,0.0016172856091535132
2025-06-13,0.008839266189214894,0.008689434750978269,0.0065778452537314305,-0.00096001915062492
2025-06-16,0.00383011387044276,-0.0032233844031200314,-0.0007484268965679161,0.001159453201508247
2025-06-17,0.000547784579848193,0.0014968988498104663,0.0009318989953402913,7.039438508072465e-05
2025-06-18,-0.001636878407829698,0.0007343976097875223,0.0004616766417354594,9.60756808596264e-05
2025-06-20,-0.0007585758648314879,-0.0034096551380965994,-0.00129011856172646,-0.0001685665920636931
2025-06-23,0.0017617866699197638,0.004048861453538702,0.004800204469192162,0.0010599713923557512
2025-06-24,-0.0035959521721210105,-0.0014103812774813034,-0.0036771475779001687,-0.0004635717836846459
2025-06-25,-0.002634357452841347,0.001036291454570368,0.0002258742911445756,-0.00041656834850896564
2025-06-26,0.001393638561586881,0.0006211466022677522,0.0011181242727013427,0.00010101438421091617
2025-06-27,0.0008243622340757007,0.0008668473488809881,0.0005891113790266715,-7.993609489174335e-05
2025-06-30,0.007378429130843031,0.006216695456933757,0.006646134484234161,-0.0016557611492236555
2025-07-01,-0.004410652720969565,0.006762731219291653,-0.0004146649044910897,0.0005260543377221386
2025-07-02,0.00177237994775494,-0.0009223403902721906,-0.00019793410574001124,-0.0002292490144307877
2025-07-03,-0.0018753306119330146,-0.0020074943626654847,0.00037842279981933224,-0.0003018994907662889
2025-07-07,0.008636515571827817,0.005836971303123391,0.005467487100311296,-0.000984848179200348
2025-07-08,0.0008227423304094554,-0.0008722525085356996,0.0021601114511865917,-0.00035105671124663644
2025-07-09,-0.0013021273128414781,0.0035409498524630652,0.002750947498270399,0.0007026280355735532
2025-07-10,-0.00012650153118749173,-0.00145001250373533,-0.001024616902796283,-0.00014356844157171404
2025-07-11,-0.0004274274792434198,-0.00018367464889870996,-0.0013288863425538868,-0.0004993181435549699
2025-07-14,-0.0012458459086558257,-0.0016133212094621263,0.0010881516959927635,0.000562570459542398
2025-07-15,0.0015157088793369973,0.0006134342961680129,-3.700042597616438e-05,0.0012012039147332528
2025-07-16,0.00015477345986299906,0.0017833923003544314,0.00043687783716664765,0.0008862763020780507
2025-07-17,0.0005554246363913985,-0.0009661996905244047,-0.0007275865273036831,0.00065809093816206
2025-07-18,-0.0014196369478490882,-0.0012603825022644414,-0.0002729909299712775,-0.00121696677519521
2025-07-21,0.0030477975875903614,0.0034420913429039465,0.0029956629002686704,0.0021711450205310445
2025-07-22,0.001658081984984966,0.006238579991021737,0.001411238225572306,0.00031467896801730204
2025-07-23,0.0013831518502661333,0.0008922446603984478,-0.0004781926642756601,0.00017261869471346078
2025-07-24,0.0012103567884251317,0.001337526622761947,0.00240620326807096,-0.0004009651588219241
2025-07-25,-0.0013754388788325903,-0.0022023594800167755,0.0006428002767607933,0.00033073173492544257
2025-07-28,0.003245608823776739,0.0010000423979575884,-0.001956752747777586,0.0015344922423762353
2025-07-29,-0.0004885676671033517,-0.0009668572201417587,0.0030113986929303387,-0.0010240099838486883
2025-07-30,-0.0014588507383762495,-0.0012226187798221558,-0.0005585998369762269,-0.00043257775716173074
2025-07-31,0.0015606143330122585,-0.0021897293667656214,-0.0025518455761677867,-0.0002948404278347762
2025-08-01,-0.0001087396555586025,-0.0021660156466259814,0.0015175157721055586,-0.0005916152732389951
2025-08-04,0.0034993302191756942,0.003053931798155233,0.002950715999291196,-0.001998196742964683
2025-08-05,0.001233492728477937,-0.0032350680573670202,-0.004827807834585092,0.0014533549212027701
2025-08-06,0.005456183213252718,0.0034633949847439984,0.0021442817984558176,0.0008247713700391009
2025-08-07,-0.0022276318381043874,-0.00290855954043511,-0.0025545667706796814,0.0015737823345434356
2025-08-08,-0.001021282998318293,-0.00037988193663411146,-0.0013698761425315782,0.0009477098146869675
2025-08-11,0.0024434823010817727,0.00436408470867924,0.005920185764107884,0.0007562927872561432
2025-08-12,-0.0031446204669071465,0.003314492450075468,0.003667948542116349,-0.0003813063412697506
2025-08-13,0.002040912218760039,-0.0024276624918114554,-0.0003982411014183415,-0.00025387531349899427
2025-08-14,0.001513777401973474,0.0033298258562845986,0.001902941830502608,-0.0004288329737749805
2025-08-15,0.00116239870775184,0.0029231630061936796,0.0027765895361741445,0.0002510346902999739
2025-08-18,0.006541090941954633,-0.0004785056033449668,0.00011822045203129132,-0.0005806423052410544
2025-08-19,-0.0005187808358391164,-0.003324827208109914,0.0006156522207666102,-0.0007223456009039524
2025-08-20,0.00011765419146755331,0.0007354331441627478,0.0002566550356289057,-0.00029017337930600947
2025-08-21,0.003925827729502116,0.009300914829735411,0.006222802144087029,-0.0002849217496385171
2025-08-22,-0.0012127900856706514,0.0007727805076502177,-0.0018862500852539763,0.00044601403043319123
2025-08-25,-0.0016635498411419673,-0.0014903575395878242,-0.0005710921102827458,-0.0008856577911946892
2025-08-26,0.0008869466666999222,0.0006604847186474389,0.00025925200929656424,0.0002985346524320764
2025-08-27,-0.00046776133797653545,-0.0018356499689360596,-0.0003026841006913535,-0.0005730029669066895
2025-08-28,0.004731628347866249,0.003121931415421467,-0.0007374642858081823,0.0017500762853567115
2025-08-29,-0.00021975455884325784,-0.0018885920959166521,-0.005752284834584177,-0.0002367773405625006
2025-09-02,0.0014618199905827682,0.0009152403856096286,0.002141820771053755,-0.00032580509883356614
2025-09-03,-0.0008057469030120403,0.0014950520812352871,0.00010008943375887894,-0.0004009185510311521
2025-09-04,0.0014047333053806624,0.004072333639591685,0.004577455745581489,0.0010107565935874132
2025-09-05,0.0011687976332518007,-0.0004763462417865368,0.0029013259648732297,0.0008171484416451361
2025-09-08,0.0012861973729100258,0.002854234579665933,0.0018860231042455346,0.0005682696825148703
2025-09-09,-0.0018980051315241506,0.0032742971757765125,0.0012953841568608187,-0.0006956672576732303
2025-09-10,0.0033888684330534856,-0.0016441761213887292,0.001314272814753461,0.0006646918904719769
2025-09-11,0.0018618857583596025,-0.0023980238437287314,-0.0014775027627774652,0.0005517313449562594
2025-09-12,-0.0008712176677459837,-0.0003883264418999084,-0.0029803746266374265,2.330214350021177e-05
2025-09-15,-4.565424796411552e-05,0.0031027467987736084,0.001508064154604284,0.00039612917333105
2025-09-16,0.0020347127828260862,-0.000429495963564951,0.00040498854147150897,-0.0008344951662883613
2025-09-17,0.002886159903284164,0.0018056480823292682,0.003500167605749715,-0.0003971719600533852
2025-09-18,-0.001191694213154474,-0.0006442337519512992,-0.0006684769156909784,0.0005688641307572265
2025-09-19,-0.003591436893435437,-0.0007593503637232892,-0.0015587621323320544,-0.0005962174545124302
2025-09-22,0.003723882229587124,0.0006939766616614552,-0.0006908468784965624,0.0006355969857825808
2025-09-23,-0.0025985708614636293,0.0010035524981529766,0.0010925433513166928,-0.0012342515626292442
2025-09-24,-5.77359402052838e-05,-0.0018133478039876999,-0.0007119140663619479,-0.0004960500557436649
2025-09-25,0.0003574993623529331,-0.0004376098365207843,-0.0006666649987371907,-0.0008153867116407351
2025-09-26,0.00022395905794017677,0.002863996160352483,0.0019446936148353204,-0.0005913092962956395
2025-09-29,-5.8425957714861555e-05,0.0009452565554310342,0.0025053875642314354,-0.0001029197110335873
2025-09-30,-0.006322617467630762,0.0009784927162273828,-0.0014140451413929558,-0.001596803620399711
2025-10-01,0.0002521014719862498,0.0013557089601369044,-0.0005375992887077319,3.9345809953401044e-05
2025-10-02,0.0006119441886075506,0.0006406456455151625,0.00028042983199647937,0.0009705107180203479
2025-10-03,0.0011271628421741487,0.0012146601526811375,0.0005656298379301405,0.000735551400974154
2025-10-06,0.0008618389360295384,0.001624946261999627,0.0008874738290560721,-0.0009488696557537733
2025-10-07,0.002708275813214653,0.0040766726821199655,0.004935688631867698,0.0010573642853069993
2025-10-08,-0.0008780213382035546,-0.00010004992466531154,-0.0005461759913942374,6.3852279719551e-05
2025-10-09,-0.001542609066738012,-0.007197019840089556,-0.006361904625921527,-0.0013677886382088924
2025-10-10,0.012542690384638799,0.008606260894771994,0.0020045764172455355,-0.0005814148059678593
2025-10-13,0.003200372291294952,0.0003044586058082409,-0.008710800586080137,0.0011278505033347128
2025-10-14,0.0034402408439423806,0.0048542506849182775,0.004075998547389269,0.00018131463220656593
2025-10-15,-0.00419247530542277,-0.0017674804473026744,-0.0036667151015594493,-0.0004001180840764764
2025-10-16,0.0020404649081343924,0.00113740400247579,-0.00012625174074593114,-0.0003783981129764284
2025-10-17,0.0007797301979195037,0.0037870683806559544,0.0010656664654110552,0.0003864415057022072
2025-10-20,-0.0019890268349487695,0.0028830467517379126,0.0015479469373945196,-0.0007256288361664764
2025-10-21,0.0028098594089303133,-0.0027556055014125885,-0.00425156220878047,0.0006414190502735622
2025-10-22,0.004577520371061323,0.00847107996133881,0.006366762158447847,-0.0014701556540178081
2025-10-23,-0.0036463658046137493,0.003439704551124521,0.0009584487364110205,-0.0011340434354359119
2025-10-24,-0.0013179328797168384,0.002561957090408032,0.0015014616122986464,-0.0010983743303440716
2025-10-27,-0.004522244603775253,-0.002951027955727165,-0.004276111370474658,-0.00036343666821599786
2025-10-28,-0.002032841475766228,-0.004055306656053213,-0.0064554391923346,0.00028845400418927496
2025-10-29,0.0009639589072999206,-0.0016620291547266859,0.0023872493544240133,-0.0015155512723576327
2025-10-30,0.0021773524640843387,0.0014892166119435796,0.001580214456374378,-0.0016756901082019045
2025-10-31,-0.0007857689954724695,-0.0018018243200225567,-0.0029602274329271457,-0.0005738954064394963
2025-11-03,0.0005784368819560364,-0.0035302225985509644,-0.0028187906340434348,-0.00011257817841234165
2025-11-04,0.007834207560961929,0.005533330126267376,0.0011039958455224864,0.0007229858861745955
2025-11-05,0.0020488136826223996,-0.003688669640537304,-0.0062147179237920834,0.0010387688459352088
2025-11-06,0.000486316978747513,-0.00031319553998536957,0.0010142562899760601,1.4229846178408196e-05
2025-11-07,0.0025048626150932455,0.004420474740458561,-8.258535570000454e-05,-0.0013378051522421116
2025-11-10,0.004442105691450133,-0.0014906090048399138,0.007800714241441882,-0.0008546750664301012
2025-11-11,0.0016246277863511715,0.0023396067249668796,0.002414935488126491,-0.0008214178905035549
2025-11-12,0.002261176104427888,-0.00211605339967568,-0.0007917942919738981,-0.0016505735695776555
2025-11-13,-0.00022331704658430253,0.0014865512433791792,0.0007161852128642382,-0.0005896875794629407
2025-11-14,-0.0029435518025343332,-0.0038454682810903436,-0.00624676082671447,0.0005817321987084609
2025-11-17,-6.52340985077325e-06,-0.0031711098627482566,-0.004122329789151894,0.0006234276836500034
2025-11-18,0.0024250236653467682,0.003622971326467876,0.0029616816448139846,-0.0009885174707802854
2025-11-19,0.005551782652869609,-0.005413026859114397,-0.008774035002035835,0.00010007959156701598
2025-11-20,-0.0006597860154644917,0.0010673440168397076,-0.0012931324112427352,-0.0008783054462418668
2025-11-21,0.0026677753945066633,0.007109144253009925,0.012020651788984538,-0.0001930822829165256
2025-11-24,0.0035901081688034615,0.00018792536336903527,0.0009005830934953145,-0.00012957706381450568
2025-11-25,0.002749846149146132,0.005459433102890396,0.008186057776411307,-0.0001951539724510846
2025-11-26,-0.0031438821840506647,-1.6891226290781775e-05,-0.0019189577589900067,-0.0007367200747256292
2025-11-28,-0.0010758055730038078,0.0016013912649158954,0.0002893958100782368,0.0007842289728876648
2025-12-01,-0.001605888066547697,0.0011435589461474022,0.0028316879432574347,7.957069975808835e-05
2025-12-02,-0.005316541037449691,-0.002002664745383447,-0.002305147672071627,-0.0001567752706921137
2025-12-03,-0.0016841491178776482,-8.791913658194164e-05,0.0009605271745446083,-0.0006560015000502276
2025-12-04,-0.0026340694121579273,-0.0011524137750194812,-0.0002470801722767596,-3.613294219109027e-05
2025-12-05,-0.00016848296017127416,-0.00020042764467370297,0.002329932460476322,-0.0011590094932123142
2025-12-08,-0.002154662542169049,-0.002301091208935481,-0.00035597173512899214,4.547266352755631e-05
2025-12-09,0.0009396110921633945,0.0011225258618588556,0.00041926339408224065,0.0014362782300725181
2025-12-10,-0.0010222069082016364,0.0002473818857622273,-0.0007780696352508024,-0.00035572561260309253
2025-12-11,-0.0025280877569694295,-0.0021654878744296513,-0.006895465044491564,0.00015336589774975958
2025-12-12,-0.0029579270892927632,-0.004018724041126646,-0.002350273816669634,-0.000952760989193027
2025-12-15,0.0006797026565656827,0.0016864927283010383,0.0017052372450946543,0.00042193262593406914
2025-12-16,0.005357554748541439,-0.003963547634267421,-0.004563388321960204,0.0008308310450261543
2025-12-17,0.006434073861448667,0.002955631477497474,0.0020979755852717566,-0.0005650157800119362
2025-12-18,-0.004738688833866959,0.001412250292996414,0.0016250422438542965,0.0006470748004345556
2025-12-19,-0.003302264413571141,-0.0012633338025978252,0.0007885392713915008,-0.0007256987522516433
2025-12-22,5.295181092450105e-05,-0.001842811710213022,-0.0017080225263097495,0.0003957107193655629
2025-12-23,0.0009538414458980448,0.0013505335856367844,7.248901759188006e-05,-0.0002797670560278257
2025-12-24,-0.0004528995072878759,-0.00015862611543404262,0.0002679204879930511,0.00020434727154005
2025-12-26,-6.935795408051001e-05,-0.000944856151958379,0.0006219172267613331,0.0006021149837612229
2025-12-29,-0.0028724259321434333,-0.00124518678539711,-0.0011163949577019457,-0.00043285700551468
2025-12-30,-0.0015877287220221084,-0.0016754168757222513,-0.0018851190436727228,7.619940329000637e-06
2025-12-31,0.003649434407958251,0.007607068450808224,0.005859579386373351,0.000579678553238072
2026-01-02,-0.0017577453927582315,0.005169053155035598,-0.00044029772393833693,-0.002120959015074929
2026-01-05,-0.0014728058855038378,0.004318763909147147,-0.000824302998400576,-0.00046829487812774745
2026-01-06,-0.0015413934633413426,-5.540775183770267e-05,-0.0026600650856874516,-0.0006955724521166607
2026-01-07,0.008303297328778608,0.0009017427197196745,0.004728805425999267,0.0003945816902787847
2026-01-08,0.001016809428783293,0.006130551845142142,0.0027418276312503372,-0.0004810618272207318
2026-01-09,-0.0032032971991316317,0.0005576443541402371,-0.00011888778887756156,-0.0008214638877543856
2026-01-12,-0.004480042254494904,-0.0007236320693422399,0.0003057471794744161,0.00042269230721046725
2026-01-13,-0.0022970022247273975,-0.003818688434981734,-0.005239659295740074,0.0007720989407651313
2026-01-14,0.003387079087343525,-0.0021928220106484817,0.002866096007072947,0.000986950038945371
2026-01-15,-0.0012865512453494024,-0.004613800424198527,-0.0006008740698115442,0.0004366108042129969
2026-01-16,0.0012876847962663628,-0.0030821502762235155,0.0014406327614930057,0.0001504949947887672
2026-01-20,0.0010543140190286658,0.0024679542308784497,0.0030170950139848524,-0.0004542494697409132
2026-01-21,-0.0010535808830626106,0.0034859368577356818,0.0015070173801960591,0.00022089005846060328
2026-01-22,0.0011455680352614242,-0.0010415534945608115,-0.0022243673467168476,-0.0002083080828530442
2026-01-23,0.001807995762814832,0.00026851450719879433,0.0021254565302970987,-0.00047472259733749345
2026-01-26,-0.000896894006361924,0.003449917416907414,0.0015413748598458582,0.0024662251786548746
2026-01-27,-0.002769621601411302,0.00010431816800965851,-0.0013967113329557755,-0.0020586672551584644
2026-01-28,-0.0008598149511220413,-0.004651315650242501,-0.0003802691028802804,-0.00075012673244909
2026-01-29,-0.0007058963179480507,-0.0017458537655696213,0.00032218540315274795,0.0009093947102862728
2026-01-30,0.004150793104235123,-6.68393766417655e-05,-0.001346518025306549,0.0008567334528857421
2026-02-02,-0.004957109582730911,-0.01328638032923914,-0.012971592438383481,0.0024861006438343125
2026-02-03,-0.0034812818218201784,-0.006996158130962146,-0.013116818482652146,-0.0008784411250911707
2026-02-04,-0.001523390916530168,-0.012485943892571835,-0.009362831552216126,0.0008183071688252363
2026-02-05,0.006037827334761019,0.006401494984112592,0.0021568919620461756,0.0031870476741496763
2026-02-06,-0.008350711603375192,0.0035962976808908255,-0.0016449801756832712,-7.978675728313801e-05
2026-02-09,-0.00013145986712912033,-0.0036229234629539787,-0.004943284131639785,-0.0010944044051629596
2026-02-10,-0.001825144023561856,-0.00714462845822331,-0.009425333269138478,0.0006023541486129644
2026-02-11,-0.008752033854889001,-0.0045379092780471406,-0.00025756791487717434,-0.001447703115993801
2026-02-12,0.003307342139787187,0.002988898686397224,0.001893447009584728,0.0005314369818414377
2026-02-13,0.002481930695993323,0.001876852408849989,0.0016884161997103631,-0.0006260780186294932
2026-02-17,0.0020831663742241374,0.009793152857831345,0.008953655664513898,-0.0005625899035902756
2026-02-18,0.001861007142221151,-0.001361845377020929,0.0024930155394032633,-0.0011901253495127176
2026-02-19,-0.0006820319581521539,-0.0016668469017766712,-0.0014823145699892472,-4.4669695603398655e-05
2026-02-20,0.00164761485981066,-0.004575924292041028,-0.007735057054841574,0.0015944919533069336
2026-02-23,0.0034964570005169187,0.00523122440337481,0.006096968943232845,0.0003592913856171398
2026-02-24,-0.0010038663171973777,0.007845124690459102,0.008186964006780966,0.0023109113778583446
2026-02-25,0.0008191111102839966,0.007401957143280966,0.00569777144839344,0.0008582486644636606
2026-02-26,0.001969007608900809,0.0009468644528123333,-0.0010270091423604402,0.00044121412951931595
2026-02-27,-0.0015990059993017717,-0.0010383871410163325,-0.0018028288434024933,-8.757098683755182e-06
2026-03-02,-0.0020176439937418652,-0.004776798811711193,-0.0002823171454018201,-0.00016744056407791386
2026-03-03,-0.0002321659825662859,0.005544753495245267,0.008244370579531804,-0.00088987176855115
2026-03-04,-0.003272743809300506,0.0003633864406814879,0.0008024845097306219,-0.0013212600245879576
2026-03-05,-0.006231777396874489,-0.009683475867017819,-0.010619901067080958,-0.0014491093176134187
2026-03-06,0.010245997045523264,0.010733922960783031,0.014919567218578384,1.7128232575623527e-06
2026-03-09,-0.005203189493436369,-0.0009815423963319392,-0.0033156934652526027,-0.000381914893794488
2026-03-10,3.1418697318707784e-05,0.0010052360077813754,0.0004653462436184899,0.0006112347397492024
2026-03-11,-0.003323562048322135,-0.008356320199045988,-0.013878733926110385,0.0009215495937385928
2026-03-12,0.0015654238004666917,0.0024348513479808525,0.0016337137124767126,0.0016200325536869667
2026-03-13,0.00036175036083930905,0.00310423645512879,0.0011367248261610794,0.00018672934588475162
2026-03-16,-0.0012180631042159487,0.004524166711199645,0.0022278943917266214,0.0001342128997337482
2026-03-17,-0.002474207476866805,0.0017204161927147279,0.0014952477019200302,-0.00011166608727363293
2026-03-18,-0.002376521300476236,0.0007744713193951634,0.0017275337988702651,0.001506521385380406
2026-03-19,0.0010682380125803515,0.001427275321783004,0.0017346870371536232,-0.0005785889048884858
2026-03-20,0.005994046732847944,0.0066886184701314974,0.006252214111032059,-0.0003756042790850933
2026-03-23,-0.004176998106584514,-0.004032968790933563,-0.002166505406375852,-0.0015230848472343966
2026-03-24,-0.002597309577235992,0.001022156315513821,0.0029270519659938144,-0.000663585377339444
2026-03-25,0.004405752053839584,-0.004759100142192631,-0.013232253521698554,0.0008036827887032415
2026-03-26,-0.0018856338433313677,-0.006920769062433731,-0.005805748531688513,-0.001761808489044458
2026-03-27,0.004928575640801745,0.0010238759624316084,-0.00280041296841756,-0.0020419521767376203
2026-03-30,0.013331134081980773,0.01857602524934727,0.0169961437526603,-0.0004544918530150507
2026-03-31,-0.011975725760759262,0.0032805908694298817,-0.006886116564288674,-0.0005553854634146636
2026-04-01,0.0016771547263954236,-0.0027770333881385854,0.0014720694692806585,0.0006527557441774522
2026-04-02,0.002194139696270637,0.0028423421801481645,0.003618979658559646,-0.0005357698081655987
2026-04-06,0.002867412922286987,-0.0011737095798890855,-0.0021253228593550787,-0.001164895804592915
2026-04-07,0.0016573104972229683,0.008572036211196161,0.009853222236959397,-0.0011457899682522743
2026-04-08,-0.008754437250409091,-0.007598193435247963,0.001627479159106766,0.0002905252245451794
2026-04-09,-0.00516787447833186,-0.004513851176705488,0.0050009536176147005,0.0009084428600213013
2026-04-10,0.005752926458620251,0.012331439042201079,-0.00017059797534321665,0.001854992631008883
2026-04-13,-0.0017922495945445678,-3.7406067573466395e-05,-0.0012076498905637064,0.0012211949159398807
2026-04-14,-0.004177364043837234,0.00907757185757413,0.0013343707666373583,-0.0005808555302618276
2026-04-15,0.00033579016354563925,0.0002883510587632895,0.001644176136413936,-0.00036790799149025107
2026-04-16,0.009188161552067493,0.006604641022199906,0.002377737978446891,0.001374973358912986
2026-04-17,-0.002197947494346095,0.001229558052053326,0.0005099837977734272,0.001064528086721742
2026-04-20,-0.005286640679695257,-0.006175886125092656,-0.004020250586386553,0.0008789453259887527
2026-04-21,-0.0030865312964071193,0.00017464037635871673,-0.0018613070981062174,-0.0007937609475147059
2026-04-22,0.0025446568794330227,-0.006301701730771243,-0.0007899685610079769,-0.0015376414903558132
2026-04-23,0.005728592921564334,0.003872757524557455,0.0043093565133554505,0.0026962553238564957
2026-04-24,0.0019130958615303942,-0.0006101066991045033,0.0008841715297920765,-0.00081778812476026
2026-04-27,-0.0005243532291215392,-0.0047562167916577166,-0.0007191390749191436,0.0011389977813221477
2026-04-28,-0.00322830489717263,-0.0022054379280954505,-0.004765963369190325,0.0009198979620647504
2026-04-29,0.004484477813236243,0.00488660538821459,0.00553000454497848,-0.0023016082229908577
2026-04-30,0.0020506974039441773,0.0032714468913020668,0.006473996382078504,-0.0009113597244032373
2026-05-01,-0.00513931973663657,-0.002055969376666368,-0.0026511886985449637,-0.0005315649693083739
2026-05-04,0.0027852295848686563,0.001992946926059753,0.0025677785266667056,0.00013145578601767144
2026-05-05,-0.008682242790302153,-0.00205183084543209,-0.0005950089418552298,0.00024043906076181337
2026-05-06,0.007479166666346463,0.006343409173962288,0.007251047987557774,-0.000238787680346193
2026-05-07,0.006946888073418485,0.0025773677249710135,-0.02109450118909563,0.00019185966091331275
2026-05-08,-0.00826473336219387,-0.004431756486645587,-0.0020977883179906787,-0.0028460094416958423
2026-05-11,0.0017885092802927183,-0.0021929385700555143,-0.002672997035409811,-0.0018899378627278494
2026-05-12,0.0014155193551724141,-0.0028800286318098364,-0.007664606336012792,0.0005772549480372959
2026-05-13,0.001491491135858493,0.002560145619663436,0.0011572143096702334,-0.0009336033175244568
2026-05-14,2.9128730790723132e-05,-0.0007386978771154237,-0.0010756271889742388,-0.0024038048777400025
2026-05-15,-0.011688745198869883,-0.00583208402305222,-0.001636909773124943,0.0009919309073543332
2026-05-18,-0.00403125148844314,-0.0037980546834056454,-0.001131164386949135,0.0004785081472511651
2026-05-19,0.009096405418607807,0.012027103061457286,0.011695501812945444,-0.0010412121130126601
2026-05-20,-0.0038092542290677225,0.002902346290191173,0.0031588948521551682,-0.0007723357476122022
2026-05-21,-0.001482244189186113,0.0029953719287124894,0.0031462584572496356,-0.0007341371201335249
2026-05-22,0.0,0.0,0.0,0.0
2026-05-25,0.0,-0.004374852863592443,-0.000956598917161854,-0.000852655817706113
2026-05-26,-0.0015716588064619088,6.0535655274288846e-05,0.0002797835970865406,-0.0002066764522700348
2026-05-27,-0.005147243586584844,0.006253195705299391,0.00487528385810008,-0.0008025166614731695
2026-05-28,-0.009729848789517733,0.005065910953892663,0.007537000096555339,-0.0017254095801633917
2026-05-29,-0.01039230402955218,0.002399194019893432,-0.0014847435121706682,-0.0007735501585697322
2026-06-01,0.005812176113478874,0.005360162990647202,0.004391849634866493,0.0011940485349342675
2026-06-02,-0.006215808251177512,-0.0020024934382444582,-0.0014399427559461091,-0.0006845843450829435
2026-06-03,0.003222678886310785,0.00012063916680740889,0.0024800242305411503,-0.0023958112730094335
2026-06-04,-0.009639447723027304,-0.012563211901992048,-0.007874844999662034,-0.00035782109554491457
2026-06-05,0.010473330846178366,0.006025902131194621,0.011833453070275049,0.00028292001592577663
2026-06-08,0.006857531960185756,-0.004972792514515709,-0.002204368388989853,-0.0007131315934548656
2026-06-09,-5.983252870234505e-05,-0.008963705203251396,-0.0035087687190107075,-0.0009811389392487065
2026-06-10,0.017686733806544865,0.012787086373822027,0.016958783168189842,-0.00014550660318465416
2026-06-11,-0.002314027599246231,-0.0006993000620288927,-0.0017979310197756158,-0.0009741979065073499
2026-06-12,-0.0013108035634992023,0.00909700199978426,0.01500696184921598,-0.001434630871004504
2026-06-15,0.0014019836687374878,-6.179241213351901e-05,0.012502914783793746,-4.853274375160088e-05
2026-06-16,-0.0013971066817588485,-0.005771331751889335,-0.005536642035795078,0.00013062377967953286
2026-06-17,0.00014046839738589157,-0.0005482353187905163,-0.013070693730471402,-0.00020935038303518616
2026-06-18,-0.0011617642067876031,-0.0029327425042317405,0.006215284962838044,0.00011595951978238958
2026-06-22,0.010574297198662711,0.0007247974088146353,-0.005837567159980829,-0.002334434565965818
2026-06-23,-0.004417914277902347,-0.0044297009589592045,-0.003001436479653965,0.0012681370197946916
2026-06-24,-0.00394469199145279,-0.009383418744382156,-0.005384551515621818,-0.0006146954318898926
2026-06-25,0.014416469609115598,-0.001403012802443415,-0.003769726486240362,0.0004991304895260143
2026-06-26,0.0010613450101649273,0.002440483293304269,0.007372709925523242,-0.0010384061124470631
2026-06-29,-0.005726566286379678,0.0021486509186003956,-0.010141740758574436,0.0008756629749596478
2026-06-30,0.00619645933444073,-0.0017528958169963451,-0.009166968918390757,0.0023553194368416967
2026-07-01,-0.015942663744770005,-0.009686666292550165,-0.010004482479758041,-0.0005696450591987055
2026-07-02,0.0,0.0,0.0,0.0
